otu_id;151;126;96;175;79;100;99;163;manual_tax;tax
OTU_126;0;0;1;0;1;0;0;0;O_Bacteria;"Bacteria; ?; ?; ?; ?; ?"
OTU_143;0;0;0;0;0;0;0;0;O_Bacteria;"Bacteria; ?; ?; ?; ?; ?"
OTU_150;0;0;0;0;0;0;0;0;O_Bacteria;"Bacteria; ?; ?; ?; ?; ?"
OTU_190;10;7;2;46;4;3;13;30;O_Bacteria;"Bacteria; ?; ?; ?; ?; ?"
OTU_204;1;1;0;0;0;0;1;1;O_Bacteria;"Bacteria; ?; ?; ?; ?; ?"
OTU_261;0;0;0;0;0;0;0;0;O_Bacteria;"Bacteria; ?; ?; ?; ?; ?"
OTU_331;0;0;0;0;0;0;0;0;O_Bacteria;"Bacteria; ?; ?; ?; ?; ?"
OTU_346;2;7;14;16;6;3;3;0;O_Bacteria;"Bacteria; ?; ?; ?; ?; ?"
OTU_387;0;0;5;0;1;1;0;0;O_Bacteria;"Bacteria; ?; ?; ?; ?; ?"
OTU_426;0;0;3;0;0;1;2;0;O_Bacteria;"Bacteria; ?; ?; ?; ?; ?"
OTU_448;2;0;0;0;0;0;0;0;O_Bacteria;"Bacteria; ?; ?; ?; ?; ?"
OTU_457;0;0;0;0;0;0;0;0;O_Bacteria;"Bacteria; ?; ?; ?; ?; ?"
OTU_461;0;0;0;0;0;0;0;0;O_Bacteria;"Bacteria; ?; ?; ?; ?; ?"
OTU_464;5;0;2;0;8;0;3;0;O_Bacteria;"Bacteria; ?; ?; ?; ?; ?"
OTU_465;0;0;0;0;0;0;0;0;O_Bacteria;"Bacteria; ?; ?; ?; ?; ?"
OTU_470;0;0;0;0;0;0;1;0;O_Bacteria;"Bacteria; ?; ?; ?; ?; ?"
OTU_487;0;0;0;0;0;0;3;0;O_Bacteria;"Bacteria; ?; ?; ?; ?; ?"
OTU_488;1;24;7;11;1;2;5;19;O_Bacteria;"Bacteria; ?; ?; ?; ?; ?"
OTU_498;0;0;19;0;0;0;15;0;O_Bacteria;"Bacteria; ?; ?; ?; ?; ?"
OTU_500;0;0;3;0;0;1;0;0;O_Bacteria;"Bacteria; ?; ?; ?; ?; ?"
OTU_505;0;0;0;1;0;0;3;0;O_Bacteria;"Bacteria; ?; ?; ?; ?; ?"
OTU_537;15;5;60;33;14;2;8;15;O_Bacteria;"Bacteria; ?; ?; ?; ?; ?"
OTU_549;0;0;10;0;0;3;0;0;O_Bacteria;"Bacteria; ?; ?; ?; ?; ?"
OTU_554;0;0;5;0;0;4;0;0;O_Bacteria;"Bacteria; ?; ?; ?; ?; ?"
OTU_555;16;31;50;141;36;6;92;124;O_Bacteria;"Bacteria; ?; ?; ?; ?; ?"
OTU_556;0;0;1;0;0;0;0;0;O_Bacteria;"Bacteria; ?; ?; ?; ?; ?"
OTU_573;0;0;0;1;0;0;0;0;O_Bacteria;"Bacteria; ?; ?; ?; ?; ?"
OTU_586;0;1;0;1;0;0;3;0;O_Bacteria;"Bacteria; ?; ?; ?; ?; ?"
OTU_614;0;1;3;1;2;0;3;7;O_Bacteria;"Bacteria; ?; ?; ?; ?; ?"
OTU_628;0;0;0;0;0;0;0;0;O_Bacteria;"Bacteria; ?; ?; ?; ?; ?"
OTU_646;0;0;0;1;0;0;0;0;O_Bacteria;"Bacteria; ?; ?; ?; ?; ?"
OTU_647;0;0;0;0;0;0;0;1;O_Bacteria;"Bacteria; ?; ?; ?; ?; ?"
OTU_686;7;0;0;0;0;0;17;0;O_Bacteria;"Bacteria; ?; ?; ?; ?; ?"
OTU_688;4;0;0;8;2;0;2;28;O_Bacteria;"Bacteria; ?; ?; ?; ?; ?"
OTU_715;0;0;0;0;0;0;0;0;O_Bacteria;"Bacteria; ?; ?; ?; ?; ?"
OTU_722;0;0;0;0;0;0;0;0;O_Bacteria;"Bacteria; ?; ?; ?; ?; ?"
OTU_733;0;0;0;0;0;2;0;0;O_Bacteria;"Bacteria; ?; ?; ?; ?; ?"
OTU_776;1;1;0;0;4;1;0;0;O_Bacteria;"Bacteria; ?; ?; ?; ?; ?"
OTU_782;0;0;0;0;0;0;0;0;O_Bacteria;"Bacteria; ?; ?; ?; ?; ?"
OTU_794;0;0;0;0;0;0;0;0;O_Bacteria;"Bacteria; ?; ?; ?; ?; ?"
OTU_844;0;0;0;1;0;0;2;0;O_Bacteria;"Bacteria; ?; ?; ?; ?; ?"
OTU_163;0;0;0;0;0;0;0;0;O_Actinobacteria;"Bacteria; Actinobacteria; Actinobacteria; ?; ?; ?"
OTU_167;0;0;0;0;0;0;0;0;O_Actinobacteria;"Bacteria; Actinobacteria; Actinobacteria; Actinomycetales; ?; ?"
OTU_100;2;3;5;8;2;2;4;1;O_Actinobacteria;"Bacteria; Actinobacteria; Actinobacteria; Actinomycetales; Actinomycetaceae; Actinomyces"
OTU_139;0;0;0;0;0;0;0;0;O_Actinobacteria;"Bacteria; Actinobacteria; Actinobacteria; Actinomycetales; Actinomycetaceae; Actinomyces"
OTU_257;2;0;3;2;0;0;1;0;O_Actinobacteria;"Bacteria; Actinobacteria; Actinobacteria; Actinomycetales; Actinomycetaceae; Actinomyces"
OTU_370;0;0;0;1;0;0;0;0;O_Actinobacteria;"Bacteria; Actinobacteria; Actinobacteria; Actinomycetales; Micrococcaceae; Rothia"
OTU_255;2;18;19;111;11;4;48;23;O_Actinobacteria;"Bacteria; Actinobacteria; Actinobacteria; Bifidobacteriales; Bifidobacteriaceae; ?"
OTU_82;34;118;75;177;55;29;60;54;Bifidobacterium;"Bacteria; Actinobacteria; Actinobacteria; Bifidobacteriales; Bifidobacteriaceae; Bifidobacterium"
OTU_120;0;2;8;5;0;2;0;0;Bifidobacterium;"Bacteria; Actinobacteria; Actinobacteria; Bifidobacteriales; Bifidobacteriaceae; Bifidobacterium"
OTU_232;0;7;2;31;0;0;0;26;Bifidobacterium;"Bacteria; Actinobacteria; Actinobacteria; Bifidobacteriales; Bifidobacteriaceae; Bifidobacterium"
OTU_267;0;0;0;0;0;0;0;0;Bifidobacterium;"Bacteria; Actinobacteria; Actinobacteria; Bifidobacteriales; Bifidobacteriaceae; Bifidobacterium"
OTU_433;0;0;0;0;0;0;0;0;Bifidobacterium;"Bacteria; Actinobacteria; Actinobacteria; Bifidobacteriales; Bifidobacteriaceae; Bifidobacterium"
OTU_211;0;0;0;0;0;0;0;0;O_Actinobacteria;"Bacteria; Actinobacteria; Actinobacteria; Coriobacteriales; Coriobacteriaceae; ?"
OTU_227;0;0;0;0;0;0;0;0;O_Actinobacteria;"Bacteria; Actinobacteria; Actinobacteria; Coriobacteriales; Coriobacteriaceae; ?"
OTU_245;0;0;0;4;0;0;2;1;O_Actinobacteria;"Bacteria; Actinobacteria; Actinobacteria; Coriobacteriales; Coriobacteriaceae; ?"
OTU_294;0;0;0;0;1;0;0;0;O_Actinobacteria;"Bacteria; Actinobacteria; Actinobacteria; Coriobacteriales; Coriobacteriaceae; ?"
OTU_397;0;0;0;2;0;0;0;1;O_Actinobacteria;"Bacteria; Actinobacteria; Actinobacteria; Coriobacteriales; Coriobacteriaceae; ?"
OTU_423;0;0;0;9;0;0;0;0;O_Actinobacteria;"Bacteria; Actinobacteria; Actinobacteria; Coriobacteriales; Coriobacteriaceae; ?"
OTU_432;0;0;0;0;0;0;0;0;O_Actinobacteria;"Bacteria; Actinobacteria; Actinobacteria; Coriobacteriales; Coriobacteriaceae; ?"
OTU_482;0;1;13;4;0;4;6;2;O_Actinobacteria;"Bacteria; Actinobacteria; Actinobacteria; Coriobacteriales; Coriobacteriaceae; ?"
OTU_510;0;0;177;1;0;9;0;0;O_Actinobacteria;"Bacteria; Actinobacteria; Actinobacteria; Coriobacteriales; Coriobacteriaceae; ?"
OTU_522;0;7;0;0;0;0;0;0;O_Actinobacteria;"Bacteria; Actinobacteria; Actinobacteria; Coriobacteriales; Coriobacteriaceae; ?"
OTU_538;0;0;5;0;0;2;0;0;O_Actinobacteria;"Bacteria; Actinobacteria; Actinobacteria; Coriobacteriales; Coriobacteriaceae; ?"
OTU_621;0;0;0;0;0;0;0;0;O_Actinobacteria;"Bacteria; Actinobacteria; Actinobacteria; Coriobacteriales; Coriobacteriaceae; ?"
OTU_712;0;0;0;0;0;0;0;0;O_Actinobacteria;"Bacteria; Actinobacteria; Actinobacteria; Coriobacteriales; Coriobacteriaceae; ?"
OTU_164;2;0;0;40;0;0;0;0;O_Actinobacteria;"Bacteria; Actinobacteria; Actinobacteria; Coriobacteriales; Coriobacteriaceae; Collinsella"
OTU_337;0;0;4;36;0;1;0;0;O_Actinobacteria;"Bacteria; Actinobacteria; Actinobacteria; Coriobacteriales; Coriobacteriaceae; Collinsella"
OTU_540;0;0;21;0;0;4;0;0;O_Actinobacteria;"Bacteria; Actinobacteria; Actinobacteria; Coriobacteriales; Coriobacteriaceae; Collinsella"
OTU_657;0;0;11;0;0;0;0;0;O_Actinobacteria;"Bacteria; Actinobacteria; Actinobacteria; Coriobacteriales; Coriobacteriaceae; Collinsella"
OTU_280;9;0;0;0;4;0;0;0;O_Actinobacteria;"Bacteria; Actinobacteria; Actinobacteria; Coriobacteriales; Coriobacteriaceae; Eggerthella"
OTU_353;1;0;0;1;0;0;0;0;O_Actinobacteria;"Bacteria; Actinobacteria; Actinobacteria; Coriobacteriales; Coriobacteriaceae; Enterorhabdus"
OTU_408;0;0;0;0;0;0;0;0;O_Actinobacteria;"Bacteria; Actinobacteria; Actinobacteria; Coriobacteriales; Coriobacteriaceae; Enterorhabdus"
OTU_153;0;0;26;170;0;0;16;47;O_Actinobacteria;"Bacteria; Actinobacteria; Actinobacteria; Coriobacteriales; Coriobacteriaceae; Gordonibacter"
OTU_383;0;0;0;0;0;0;2;0;O_Actinobacteria;"Bacteria; Actinobacteria; Actinobacteria; Coriobacteriales; Coriobacteriaceae; Gordonibacter"
OTU_183;0;0;0;1;0;1;0;0;O_Actinobacteria;"Bacteria; Actinobacteria; Actinobacteria; Coriobacteriales; Coriobacteriaceae; Olsenella"
OTU_226;0;0;4;2;0;0;0;0;O_Actinobacteria;"Bacteria; Actinobacteria; Actinobacteria; Coriobacteriales; Coriobacteriaceae; Olsenella"
OTU_616;0;0;0;2;0;0;0;3;O_Actinobacteria;"Bacteria; Actinobacteria; Actinobacteria; Coriobacteriales; Coriobacteriaceae; Olsenella"
OTU_194;0;0;0;0;0;2;0;0;O_Actinobacteria;"Bacteria; Actinobacteria; Actinobacteria; Coriobacteriales; Coriobacteriaceae; Slackia"
OTU_291;0;0;0;0;0;0;0;0;O_Actinobacteria;"Bacteria; Actinobacteria; Actinobacteria; Coriobacteriales; Coriobacteriaceae; Slackia"
OTU_351;0;0;0;0;0;0;0;0;O_Actinobacteria;"Bacteria; Actinobacteria; Actinobacteria; Coriobacteriales; Coriobacteriaceae; Slackia"
OTU_649;0;0;0;0;0;0;0;0;O_Bacteroidetes;"Bacteria; Bacteroidetes; ?; ?; ?; ?"
OTU_312;0;5;0;5;0;0;0;0;O_Bacteroidetes;"Bacteria; Bacteroidetes; Bacteroidia; Bacteroidales; ?; ?"
OTU_377;6;14;5;5;9;0;11;19;O_Bacteroidetes;"Bacteria; Bacteroidetes; Bacteroidia; Bacteroidales; ?; ?"
OTU_418;0;0;0;2425;0;0;0;1183;O_Bacteroidetes;"Bacteria; Bacteroidetes; Bacteroidia; Bacteroidales; ?; ?"
OTU_6;0;133;0;0;0;0;0;3;Bacteroides;"Bacteria; Bacteroidetes; Bacteroidia; Bacteroidales; Bacteroidaceae; Bacteroides"
OTU_16;11;0;1;0;11;1;1;0;Bacteroides;"Bacteria; Bacteroidetes; Bacteroidia; Bacteroidales; Bacteroidaceae; Bacteroides"
OTU_25;71;220;0;0;41;0;0;0;Bacteroides;"Bacteria; Bacteroidetes; Bacteroidia; Bacteroidales; Bacteroidaceae; Bacteroides"
OTU_33;212;0;3;24;102;6;20;12;Bacteroides;"Bacteria; Bacteroidetes; Bacteroidia; Bacteroidales; Bacteroidaceae; Bacteroides"
OTU_42;29;1;0;1;28;0;15;3;Bacteroides;"Bacteria; Bacteroidetes; Bacteroidia; Bacteroidales; Bacteroidaceae; Bacteroides"
OTU_43;8;0;0;28;3;0;3;17;Bacteroides;"Bacteria; Bacteroidetes; Bacteroidia; Bacteroidales; Bacteroidaceae; Bacteroides"
OTU_57;94;51;67;225;231;22;105;308;Bacteroides;"Bacteria; Bacteroidetes; Bacteroidia; Bacteroidales; Bacteroidaceae; Bacteroides"
OTU_58;9;0;17;35;1;10;31;0;Bacteroides;"Bacteria; Bacteroidetes; Bacteroidia; Bacteroidales; Bacteroidaceae; Bacteroides"
OTU_59;0;0;0;74;4;2;2;8;Bacteroides;"Bacteria; Bacteroidetes; Bacteroidia; Bacteroidales; Bacteroidaceae; Bacteroides"
OTU_128;1;0;0;0;6;0;0;1;Bacteroides;"Bacteria; Bacteroidetes; Bacteroidia; Bacteroidales; Bacteroidaceae; Bacteroides"
OTU_160;101;2;52;192;22;13;94;243;Bacteroides;"Bacteria; Bacteroidetes; Bacteroidia; Bacteroidales; Bacteroidaceae; Bacteroides"
OTU_172;0;0;4;0;0;0;0;0;Bacteroides;"Bacteria; Bacteroidetes; Bacteroidia; Bacteroidales; Bacteroidaceae; Bacteroides"
OTU_233;0;0;0;1;0;0;0;0;Bacteroides;"Bacteria; Bacteroidetes; Bacteroidia; Bacteroidales; Bacteroidaceae; Bacteroides"
OTU_249;0;0;0;18;1;0;9;5;Bacteroides;"Bacteria; Bacteroidetes; Bacteroidia; Bacteroidales; Bacteroidaceae; Bacteroides"
OTU_252;68;4;19;157;92;27;57;131;Bacteroides;"Bacteria; Bacteroidetes; Bacteroidia; Bacteroidales; Bacteroidaceae; Bacteroides"
OTU_301;0;0;3;0;0;1;0;0;Bacteroides;"Bacteria; Bacteroidetes; Bacteroidia; Bacteroidales; Bacteroidaceae; Bacteroides"
OTU_302;0;0;10;0;0;0;0;0;Bacteroides;"Bacteria; Bacteroidetes; Bacteroidia; Bacteroidales; Bacteroidaceae; Bacteroides"
OTU_303;0;0;64;0;0;4;0;0;Bacteroides;"Bacteria; Bacteroidetes; Bacteroidia; Bacteroidales; Bacteroidaceae; Bacteroides"
OTU_307;1;0;0;0;0;0;0;0;Bacteroides;"Bacteria; Bacteroidetes; Bacteroidia; Bacteroidales; Bacteroidaceae; Bacteroides"
OTU_311;0;208;0;1;0;0;0;15;Bacteroides;"Bacteria; Bacteroidetes; Bacteroidia; Bacteroidales; Bacteroidaceae; Bacteroides"
OTU_315;49;52;0;2;19;0;4;6;Bacteroides;"Bacteria; Bacteroidetes; Bacteroidia; Bacteroidales; Bacteroidaceae; Bacteroides"
OTU_334;0;1;0;10;0;0;0;14;Bacteroides;"Bacteria; Bacteroidetes; Bacteroidia; Bacteroidales; Bacteroidaceae; Bacteroides"
OTU_396;0;0;0;0;1;0;2;2;Bacteroides;"Bacteria; Bacteroidetes; Bacteroidia; Bacteroidales; Bacteroidaceae; Bacteroides"
OTU_410;28;59;1;12;57;1;7;5;Bacteroides;"Bacteria; Bacteroidetes; Bacteroidia; Bacteroidales; Bacteroidaceae; Bacteroides"
OTU_412;4;8;11;10;3;4;5;6;Bacteroides;"Bacteria; Bacteroidetes; Bacteroidia; Bacteroidales; Bacteroidaceae; Bacteroides"
OTU_415;5;0;0;0;2;0;2;0;Bacteroides;"Bacteria; Bacteroidetes; Bacteroidia; Bacteroidales; Bacteroidaceae; Bacteroides"
OTU_480;0;0;0;0;3;0;0;0;Bacteroides;"Bacteria; Bacteroidetes; Bacteroidia; Bacteroidales; Bacteroidaceae; Bacteroides"
OTU_496;1;0;0;0;0;0;3;0;Bacteroides;"Bacteria; Bacteroidetes; Bacteroidia; Bacteroidales; Bacteroidaceae; Bacteroides"
OTU_501;0;0;59;0;0;45;1;0;Bacteroides;"Bacteria; Bacteroidetes; Bacteroidia; Bacteroidales; Bacteroidaceae; Bacteroides"
OTU_518;0;0;1;0;0;3;0;0;Bacteroides;"Bacteria; Bacteroidetes; Bacteroidia; Bacteroidales; Bacteroidaceae; Bacteroides"
OTU_536;0;0;13;0;0;13;0;0;Bacteroides;"Bacteria; Bacteroidetes; Bacteroidia; Bacteroidales; Bacteroidaceae; Bacteroides"
OTU_602;99;0;3;8;165;0;58;2;Bacteroides;"Bacteria; Bacteroidetes; Bacteroidia; Bacteroidales; Bacteroidaceae; Bacteroides"
OTU_635;42;1;2;49;7;0;8;14;Bacteroides;"Bacteria; Bacteroidetes; Bacteroidia; Bacteroidales; Bacteroidaceae; Bacteroides"
OTU_668;0;0;0;1;0;0;0;0;Bacteroides;"Bacteria; Bacteroidetes; Bacteroidia; Bacteroidales; Bacteroidaceae; Bacteroides"
OTU_708;4;0;2;2;7;0;5;7;Bacteroides;"Bacteria; Bacteroidetes; Bacteroidia; Bacteroidales; Bacteroidaceae; Bacteroides"
OTU_744;64;0;3;3;61;1;3;7;Bacteroides;"Bacteria; Bacteroidetes; Bacteroidia; Bacteroidales; Bacteroidaceae; Bacteroides"
OTU_745;30;16;1;47;5;1;3;16;Bacteroides;"Bacteria; Bacteroidetes; Bacteroidia; Bacteroidales; Bacteroidaceae; Bacteroides"
OTU_747;0;0;0;0;0;0;0;0;Bacteroides;"Bacteria; Bacteroidetes; Bacteroidia; Bacteroidales; Bacteroidaceae; Bacteroides"
OTU_749;0;0;0;0;2;0;0;0;Bacteroides;"Bacteria; Bacteroidetes; Bacteroidia; Bacteroidales; Bacteroidaceae; Bacteroides"
OTU_773;0;0;0;9;0;0;0;1;Bacteroides;"Bacteria; Bacteroidetes; Bacteroidia; Bacteroidales; Bacteroidaceae; Bacteroides"
OTU_788;87;0;2;96;40;2;65;76;Bacteroides;"Bacteria; Bacteroidetes; Bacteroidia; Bacteroidales; Bacteroidaceae; Bacteroides"
OTU_815;0;0;1;1;1;0;0;2;Bacteroides;"Bacteria; Bacteroidetes; Bacteroidia; Bacteroidales; Bacteroidaceae; Bacteroides"
OTU_820;8;5;1;1;26;0;54;6;Bacteroides;"Bacteria; Bacteroidetes; Bacteroidia; Bacteroidales; Bacteroidaceae; Bacteroides"
OTU_600;0;0;0;11;0;0;0;16;O_Bacteroidetes;"Bacteria; Bacteroidetes; Bacteroidia; Bacteroidales; Porphyromonadaceae; ?"
OTU_624;0;0;0;0;0;0;0;0;O_Bacteroidetes;"Bacteria; Bacteroidetes; Bacteroidia; Bacteroidales; Porphyromonadaceae; ?"
OTU_714;0;0;0;0;0;0;0;0;O_Bacteroidetes;"Bacteria; Bacteroidetes; Bacteroidia; Bacteroidales; Porphyromonadaceae; ?"
OTU_277;0;0;0;0;1;1;0;2;O_Bacteroidetes;"Bacteria; Bacteroidetes; Bacteroidia; Bacteroidales; Porphyromonadaceae; Barnesiella"
OTU_597;0;0;2;4;0;3;0;2;O_Bacteroidetes;"Bacteria; Bacteroidetes; Bacteroidia; Bacteroidales; Porphyromonadaceae; Barnesiella"
OTU_723;0;0;4;0;1;1;0;4;O_Bacteroidetes;"Bacteria; Bacteroidetes; Bacteroidia; Bacteroidales; Porphyromonadaceae; Barnesiella"
OTU_764;0;0;17;19;0;7;0;12;O_Bacteroidetes;"Bacteria; Bacteroidetes; Bacteroidia; Bacteroidales; Porphyromonadaceae; Barnesiella"
OTU_839;0;0;0;0;0;0;0;0;O_Bacteroidetes;"Bacteria; Bacteroidetes; Bacteroidia; Bacteroidales; Porphyromonadaceae; Barnesiella"
OTU_144;0;0;0;0;0;0;0;0;O_Bacteroidetes;"Bacteria; Bacteroidetes; Bacteroidia; Bacteroidales; Porphyromonadaceae; Butyricimonas"
OTU_454;0;0;0;1;0;0;0;0;O_Bacteroidetes;"Bacteria; Bacteroidetes; Bacteroidia; Bacteroidales; Porphyromonadaceae; Butyricimonas"
OTU_528;0;0;1;0;0;1;0;0;O_Bacteroidetes;"Bacteria; Bacteroidetes; Bacteroidia; Bacteroidales; Porphyromonadaceae; Butyricimonas"
OTU_612;0;0;0;0;0;0;0;0;O_Bacteroidetes;"Bacteria; Bacteroidetes; Bacteroidia; Bacteroidales; Porphyromonadaceae; Butyricimonas"
OTU_629;1;4;2;3;0;0;0;7;O_Bacteroidetes;"Bacteria; Bacteroidetes; Bacteroidia; Bacteroidales; Porphyromonadaceae; Butyricimonas"
OTU_690;0;0;0;0;0;0;0;0;O_Bacteroidetes;"Bacteria; Bacteroidetes; Bacteroidia; Bacteroidales; Porphyromonadaceae; Butyricimonas"
OTU_823;0;0;0;0;0;0;0;0;O_Bacteroidetes;"Bacteria; Bacteroidetes; Bacteroidia; Bacteroidales; Porphyromonadaceae; Butyricimonas"
OTU_52;8;2;10;20;3;1;3;29;O_Bacteroidetes;"Bacteria; Bacteroidetes; Bacteroidia; Bacteroidales; Porphyromonadaceae; Odoribacter"
OTU_56;65;61;75;140;114;21;106;69;O_Bacteroidetes;"Bacteria; Bacteroidetes; Bacteroidia; Bacteroidales; Porphyromonadaceae; Parabacteroides"
OTU_97;6;1;2;5;7;0;7;39;O_Bacteroidetes;"Bacteria; Bacteroidetes; Bacteroidia; Bacteroidales; Porphyromonadaceae; Parabacteroides"
OTU_236;2;7;1;6;1;0;5;15;O_Bacteroidetes;"Bacteria; Bacteroidetes; Bacteroidia; Bacteroidales; Porphyromonadaceae; Parabacteroides"
OTU_293;0;0;1;0;0;4;0;0;O_Bacteroidetes;"Bacteria; Bacteroidetes; Bacteroidia; Bacteroidales; Porphyromonadaceae; Parabacteroides"
OTU_548;0;0;5;0;0;0;0;0;O_Bacteroidetes;"Bacteria; Bacteroidetes; Bacteroidia; Bacteroidales; Porphyromonadaceae; Parabacteroides"
OTU_669;0;0;0;0;0;0;0;0;O_Bacteroidetes;"Bacteria; Bacteroidetes; Bacteroidia; Bacteroidales; Porphyromonadaceae; Parabacteroides"
OTU_341;0;0;0;0;0;0;0;0;O_Bacteroidetes;"Bacteria; Bacteroidetes; Bacteroidia; Bacteroidales; Porphyromonadaceae; Porphyromonas"
OTU_698;0;0;0;0;0;0;0;0;O_Bacteroidetes;"Bacteria; Bacteroidetes; Bacteroidia; Bacteroidales; Porphyromonadaceae; Porphyromonas"
OTU_118;0;0;134;0;0;23;0;0;O_Bacteroidetes;"Bacteria; Bacteroidetes; Bacteroidia; Bacteroidales; Prevotellaceae; ?"
OTU_176;0;0;0;0;0;0;0;0;O_Bacteroidetes;"Bacteria; Bacteroidetes; Bacteroidia; Bacteroidales; Prevotellaceae; ?"
OTU_270;0;0;0;0;0;0;0;0;O_Bacteroidetes;"Bacteria; Bacteroidetes; Bacteroidia; Bacteroidales; Prevotellaceae; ?"
OTU_288;0;0;0;0;0;0;0;0;O_Bacteroidetes;"Bacteria; Bacteroidetes; Bacteroidia; Bacteroidales; Prevotellaceae; ?"
OTU_295;0;0;0;0;0;0;0;0;O_Bacteroidetes;"Bacteria; Bacteroidetes; Bacteroidia; Bacteroidales; Prevotellaceae; ?"
OTU_357;0;0;0;0;0;0;0;0;O_Bacteroidetes;"Bacteria; Bacteroidetes; Bacteroidia; Bacteroidales; Prevotellaceae; ?"
OTU_417;0;0;0;0;0;0;0;0;O_Bacteroidetes;"Bacteria; Bacteroidetes; Bacteroidia; Bacteroidales; Prevotellaceae; ?"
OTU_583;0;0;50;0;0;21;1;0;O_Bacteroidetes;"Bacteria; Bacteroidetes; Bacteroidia; Bacteroidales; Prevotellaceae; ?"
OTU_759;0;0;0;0;0;0;0;0;O_Bacteroidetes;"Bacteria; Bacteroidetes; Bacteroidia; Bacteroidales; Prevotellaceae; ?"
OTU_783;0;0;19;0;0;3;0;0;O_Bacteroidetes;"Bacteria; Bacteroidetes; Bacteroidia; Bacteroidales; Prevotellaceae; ?"
OTU_122;23;0;0;1;28;0;2;0;O_Bacteroidetes;"Bacteria; Bacteroidetes; Bacteroidia; Bacteroidales; Prevotellaceae; Paraprevotella"
OTU_244;5;0;0;2;5;0;32;0;O_Bacteroidetes;"Bacteria; Bacteroidetes; Bacteroidia; Bacteroidales; Prevotellaceae; Paraprevotella"
OTU_543;0;0;26;0;0;6;0;0;O_Bacteroidetes;"Bacteria; Bacteroidetes; Bacteroidia; Bacteroidales; Prevotellaceae; Paraprevotella"
OTU_127;0;0;0;0;0;0;0;0;O_Bacteroidetes;"Bacteria; Bacteroidetes; Bacteroidia; Bacteroidales; Prevotellaceae; Prevotella"
OTU_222;0;0;0;0;0;0;0;0;O_Bacteroidetes;"Bacteria; Bacteroidetes; Bacteroidia; Bacteroidales; Prevotellaceae; Prevotella"
OTU_228;0;0;0;0;0;0;0;0;O_Bacteroidetes;"Bacteria; Bacteroidetes; Bacteroidia; Bacteroidales; Prevotellaceae; Prevotella"
OTU_317;0;0;0;0;0;0;0;0;O_Bacteroidetes;"Bacteria; Bacteroidetes; Bacteroidia; Bacteroidales; Prevotellaceae; Prevotella"
OTU_342;0;0;0;2;0;0;0;0;O_Bacteroidetes;"Bacteria; Bacteroidetes; Bacteroidia; Bacteroidales; Prevotellaceae; Prevotella"
OTU_443;0;0;0;0;0;0;0;0;O_Bacteroidetes;"Bacteria; Bacteroidetes; Bacteroidia; Bacteroidales; Prevotellaceae; Prevotella"
OTU_445;0;0;0;0;0;0;0;0;O_Bacteroidetes;"Bacteria; Bacteroidetes; Bacteroidia; Bacteroidales; Prevotellaceae; Prevotella"
OTU_476;0;0;0;0;0;0;0;0;O_Bacteroidetes;"Bacteria; Bacteroidetes; Bacteroidia; Bacteroidales; Prevotellaceae; Prevotella"
OTU_486;0;0;0;2;0;0;0;0;O_Bacteroidetes;"Bacteria; Bacteroidetes; Bacteroidia; Bacteroidales; Prevotellaceae; Prevotella"
OTU_789;0;0;5;0;0;1;0;0;O_Bacteroidetes;"Bacteria; Bacteroidetes; Bacteroidia; Bacteroidales; Prevotellaceae; Prevotella"
OTU_826;0;0;0;0;0;0;0;0;O_Bacteroidetes;"Bacteria; Bacteroidetes; Bacteroidia; Bacteroidales; Prevotellaceae; Prevotella"
OTU_848;0;0;0;6;0;0;0;24;O_Bacteroidetes;"Bacteria; Bacteroidetes; Bacteroidia; Bacteroidales; Prevotellaceae; Prevotella"
OTU_28;53;1;0;0;0;0;12;0;O_Bacteroidetes;"Bacteria; Bacteroidetes; Bacteroidia; Bacteroidales; Rikenellaceae; Alistipes"
OTU_119;7;26;100;111;70;59;27;69;O_Bacteroidetes;"Bacteria; Bacteroidetes; Bacteroidia; Bacteroidales; Rikenellaceae; Alistipes"
OTU_165;0;1;9;13;1;8;0;29;O_Bacteroidetes;"Bacteria; Bacteroidetes; Bacteroidia; Bacteroidales; Rikenellaceae; Alistipes"
OTU_182;0;7;22;24;0;2;8;46;O_Bacteroidetes;"Bacteria; Bacteroidetes; Bacteroidia; Bacteroidales; Rikenellaceae; Alistipes"
OTU_225;0;0;0;0;0;0;0;0;O_Bacteroidetes;"Bacteria; Bacteroidetes; Bacteroidia; Bacteroidales; Rikenellaceae; Alistipes"
OTU_241;19;0;142;57;11;62;60;32;O_Bacteroidetes;"Bacteria; Bacteroidetes; Bacteroidia; Bacteroidales; Rikenellaceae; Alistipes"
OTU_256;0;0;0;0;0;0;0;0;O_Bacteroidetes;"Bacteria; Bacteroidetes; Bacteroidia; Bacteroidales; Rikenellaceae; Alistipes"
OTU_425;7;5;0;14;59;0;7;18;O_Bacteroidetes;"Bacteria; Bacteroidetes; Bacteroidia; Bacteroidales; Rikenellaceae; Alistipes"
OTU_453;0;1;0;2;0;0;10;9;O_Bacteroidetes;"Bacteria; Bacteroidetes; Bacteroidia; Bacteroidales; Rikenellaceae; Alistipes"
OTU_565;0;0;2;1;0;0;0;5;O_Bacteroidetes;"Bacteria; Bacteroidetes; Bacteroidia; Bacteroidales; Rikenellaceae; Alistipes"
OTU_634;0;0;0;0;0;0;0;0;O_Bacteroidetes;"Bacteria; Bacteroidetes; Bacteroidia; Bacteroidales; Rikenellaceae; Alistipes"
OTU_641;0;0;1;0;0;0;0;0;O_Bacteroidetes;"Bacteria; Bacteroidetes; Bacteroidia; Bacteroidales; Rikenellaceae; Alistipes"
OTU_680;12;0;47;27;24;15;151;47;O_Bacteroidetes;"Bacteria; Bacteroidetes; Bacteroidia; Bacteroidales; Rikenellaceae; Alistipes"
OTU_685;0;0;0;0;0;0;64;0;O_Bacteroidetes;"Bacteria; Bacteroidetes; Bacteroidia; Bacteroidales; Rikenellaceae; Alistipes"
OTU_762;0;0;0;17;0;0;0;0;O_Bacteroidetes;"Bacteria; Bacteroidetes; Bacteroidia; Bacteroidales; Rikenellaceae; Alistipes"
OTU_778;10;0;0;0;0;0;16;0;O_Bacteroidetes;"Bacteria; Bacteroidetes; Bacteroidia; Bacteroidales; Rikenellaceae; Alistipes"
OTU_813;3;0;0;0;14;0;3;0;O_Bacteroidetes;"Bacteria; Bacteroidetes; Bacteroidia; Bacteroidales; Rikenellaceae; Alistipes"
OTU_521;0;0;0;0;0;0;0;0;O_Bacteroidetes;"Bacteria; Bacteroidetes; Flavobacteria; Flavobacteriales; Flavobacteriaceae; Cloacibacterium"
OTU_748;0;0;0;0;0;0;0;0;O_Bacteroidetes;"Bacteria; Bacteroidetes; Sphingobacteria; Sphingobacteriales; Sphingobacteriaceae; Pedobacter"
OTU_92;148;0;166;152;29;62;214;215;O_Firmicutes;"Bacteria; Firmicutes; ?; ?; ?; ?"
OTU_177;0;0;86;0;0;4;18;0;O_Firmicutes;"Bacteria; Firmicutes; ?; ?; ?; ?"
OTU_185;1;1;79;16;1;16;10;26;O_Firmicutes;"Bacteria; Firmicutes; ?; ?; ?; ?"
OTU_210;0;0;6;0;0;2;0;0;O_Firmicutes;"Bacteria; Firmicutes; ?; ?; ?; ?"
OTU_243;0;2;20;4;0;5;1;0;O_Firmicutes;"Bacteria; Firmicutes; ?; ?; ?; ?"
OTU_282;0;0;0;0;0;0;1;0;O_Firmicutes;"Bacteria; Firmicutes; ?; ?; ?; ?"
OTU_328;5;43;52;1;0;17;1;6;O_Firmicutes;"Bacteria; Firmicutes; ?; ?; ?; ?"
OTU_338;0;0;1;0;0;2;5;0;O_Firmicutes;"Bacteria; Firmicutes; ?; ?; ?; ?"
OTU_356;0;0;96;14;1;20;0;28;O_Firmicutes;"Bacteria; Firmicutes; ?; ?; ?; ?"
OTU_360;8;0;1;2;0;0;0;2;O_Firmicutes;"Bacteria; Firmicutes; ?; ?; ?; ?"
OTU_389;1;0;1;1;0;0;1;1;O_Firmicutes;"Bacteria; Firmicutes; ?; ?; ?; ?"
OTU_452;0;0;0;0;0;0;0;0;O_Firmicutes;"Bacteria; Firmicutes; ?; ?; ?; ?"
OTU_466;0;0;0;0;1;1;30;0;O_Firmicutes;"Bacteria; Firmicutes; ?; ?; ?; ?"
OTU_514;2;0;4;4;0;1;0;0;O_Firmicutes;"Bacteria; Firmicutes; ?; ?; ?; ?"
OTU_717;0;0;0;0;0;2;0;0;O_Firmicutes;"Bacteria; Firmicutes; ?; ?; ?; ?"
OTU_730;0;0;2;0;0;0;0;2;O_Firmicutes;"Bacteria; Firmicutes; ?; ?; ?; ?"
OTU_772;0;0;0;2;3;0;0;0;O_Firmicutes;"Bacteria; Firmicutes; ?; ?; ?; ?"
OTU_779;0;0;17;16;0;21;0;19;O_Firmicutes;"Bacteria; Firmicutes; ?; ?; ?; ?"
OTU_793;0;0;0;0;0;0;0;0;O_Firmicutes;"Bacteria; Firmicutes; ?; ?; ?; ?"
OTU_847;7;0;12;19;0;8;2;72;O_Firmicutes;"Bacteria; Firmicutes; ?; ?; ?; ?"
OTU_174;1;0;0;0;2;0;0;0;O_Firmicutes;"Bacteria; Firmicutes; Bacilli; Bacillales; Bacillales_Incertae Sedis XI; Gemella"
OTU_238;1;0;0;0;0;0;0;0;O_Firmicutes;"Bacteria; Firmicutes; Bacilli; Bacillales; Bacillales_Incertae Sedis XI; Gemella"
OTU_777;0;0;1;0;0;0;0;0;O_Firmicutes;"Bacteria; Firmicutes; Bacilli; Lactobacillales; ?; ?"
OTU_221;0;10;0;1;0;0;0;0;O_Firmicutes;"Bacteria; Firmicutes; Bacilli; Lactobacillales; Carnobacteriaceae; Granulicatella"
OTU_213;3;1;5;0;5;1;0;0;O_Firmicutes;"Bacteria; Firmicutes; Bacilli; Lactobacillales; Enterococcaceae; Enterococcus"
OTU_220;3;0;23;0;22;1;4;0;O_Firmicutes;"Bacteria; Firmicutes; Bacilli; Lactobacillales; Enterococcaceae; Enterococcus"
OTU_46;0;0;0;0;0;0;0;0;O_Firmicutes;"Bacteria; Firmicutes; Bacilli; Lactobacillales; Lactobacillaceae; Lactobacillus"
OTU_231;0;0;0;0;0;0;0;0;O_Firmicutes;"Bacteria; Firmicutes; Bacilli; Lactobacillales; Lactobacillaceae; Lactobacillus"
OTU_316;0;0;0;0;0;0;0;0;O_Firmicutes;"Bacteria; Firmicutes; Bacilli; Lactobacillales; Lactobacillaceae; Lactobacillus"
OTU_361;0;0;0;0;1;0;0;0;O_Firmicutes;"Bacteria; Firmicutes; Bacilli; Lactobacillales; Lactobacillaceae; Lactobacillus"
OTU_471;0;0;0;0;0;0;0;0;O_Firmicutes;"Bacteria; Firmicutes; Bacilli; Lactobacillales; Lactobacillaceae; Lactobacillus"
OTU_519;0;1;1;0;0;0;0;0;O_Firmicutes;"Bacteria; Firmicutes; Bacilli; Lactobacillales; Lactobacillaceae; Lactobacillus"
OTU_829;0;0;0;0;0;0;0;0;O_Firmicutes;"Bacteria; Firmicutes; Bacilli; Lactobacillales; Lactobacillaceae; Lactobacillus"
OTU_101;26;264;132;0;5;24;3;16;O_Firmicutes;"Bacteria; Firmicutes; Bacilli; Lactobacillales; Streptococcaceae; Lactococcus"
OTU_662;0;1;1;0;0;0;0;0;O_Firmicutes;"Bacteria; Firmicutes; Bacilli; Lactobacillales; Streptococcaceae; Lactococcus"
OTU_45;0;0;0;0;1;0;2;1;O_Firmicutes;"Bacteria; Firmicutes; Bacilli; Lactobacillales; Streptococcaceae; Streptococcus"
OTU_103;19;187;4;3;97;2;9;7;O_Firmicutes;"Bacteria; Firmicutes; Bacilli; Lactobacillales; Streptococcaceae; Streptococcus"
OTU_108;13;0;0;5;14;0;0;10;O_Firmicutes;"Bacteria; Firmicutes; Bacilli; Lactobacillales; Streptococcaceae; Streptococcus"
OTU_173;8;9;11;4;13;0;2;9;O_Firmicutes;"Bacteria; Firmicutes; Bacilli; Lactobacillales; Streptococcaceae; Streptococcus"
OTU_207;0;0;0;0;1;0;0;3;O_Firmicutes;"Bacteria; Firmicutes; Bacilli; Lactobacillales; Streptococcaceae; Streptococcus"
OTU_376;6;13;1;3;26;0;8;1;O_Firmicutes;"Bacteria; Firmicutes; Bacilli; Lactobacillales; Streptococcaceae; Streptococcus"
OTU_491;0;0;11;0;0;0;5;0;O_Firmicutes;"Bacteria; Firmicutes; Clostridia; ?; ?; ?"
OTU_3;8;3;9;4;4;2;3;4;O_Firmicutes;"Bacteria; Firmicutes; Clostridia; Clostridiales; ?; ?"
OTU_26;0;0;0;0;0;0;0;0;O_Firmicutes;"Bacteria; Firmicutes; Clostridia; Clostridiales; ?; ?"
OTU_35;62;0;2;0;0;5;11;0;O_Firmicutes;"Bacteria; Firmicutes; Clostridia; Clostridiales; ?; ?"
OTU_40;14;9;7;1;12;0;1;1;O_Firmicutes;"Bacteria; Firmicutes; Clostridia; Clostridiales; ?; ?"
OTU_55;0;0;0;0;0;0;1;0;O_Firmicutes;"Bacteria; Firmicutes; Clostridia; Clostridiales; ?; ?"
OTU_64;2;11;5;6;7;0;4;3;O_Firmicutes;"Bacteria; Firmicutes; Clostridia; Clostridiales; ?; ?"
OTU_66;14;27;10;17;31;1;17;12;O_Firmicutes;"Bacteria; Firmicutes; Clostridia; Clostridiales; ?; ?"
OTU_68;43;21;0;59;99;0;0;49;O_Firmicutes;"Bacteria; Firmicutes; Clostridia; Clostridiales; ?; ?"
OTU_74;0;0;0;0;0;0;0;0;O_Firmicutes;"Bacteria; Firmicutes; Clostridia; Clostridiales; ?; ?"
OTU_78;5;27;25;17;22;2;0;9;O_Firmicutes;"Bacteria; Firmicutes; Clostridia; Clostridiales; ?; ?"
OTU_89;8;2;10;12;3;0;3;8;O_Firmicutes;"Bacteria; Firmicutes; Clostridia; Clostridiales; ?; ?"
OTU_95;0;1;1;1;1;0;1;2;O_Firmicutes;"Bacteria; Firmicutes; Clostridia; Clostridiales; ?; ?"
OTU_105;0;0;0;5;2;0;0;1;O_Firmicutes;"Bacteria; Firmicutes; Clostridia; Clostridiales; ?; ?"
OTU_106;3;3;6;3;8;0;10;3;O_Firmicutes;"Bacteria; Firmicutes; Clostridia; Clostridiales; ?; ?"
OTU_107;0;10;38;0;0;2;6;0;O_Firmicutes;"Bacteria; Firmicutes; Clostridia; Clostridiales; ?; ?"
OTU_109;0;0;0;0;0;4;0;0;O_Firmicutes;"Bacteria; Firmicutes; Clostridia; Clostridiales; ?; ?"
OTU_121;5;0;0;0;0;0;0;0;O_Firmicutes;"Bacteria; Firmicutes; Clostridia; Clostridiales; ?; ?"
OTU_129;0;0;0;0;0;0;0;0;O_Firmicutes;"Bacteria; Firmicutes; Clostridia; Clostridiales; ?; ?"
OTU_132;1;0;0;0;1;0;1;0;O_Firmicutes;"Bacteria; Firmicutes; Clostridia; Clostridiales; ?; ?"
OTU_137;0;0;0;0;0;0;0;0;O_Firmicutes;"Bacteria; Firmicutes; Clostridia; Clostridiales; ?; ?"
OTU_146;0;0;0;0;0;0;1;0;O_Firmicutes;"Bacteria; Firmicutes; Clostridia; Clostridiales; ?; ?"
OTU_154;0;0;8;1;0;9;0;0;O_Firmicutes;"Bacteria; Firmicutes; Clostridia; Clostridiales; ?; ?"
OTU_159;1;2;4;0;1;1;0;3;O_Firmicutes;"Bacteria; Firmicutes; Clostridia; Clostridiales; ?; ?"
OTU_166;0;0;33;34;2;2;0;32;O_Firmicutes;"Bacteria; Firmicutes; Clostridia; Clostridiales; ?; ?"
OTU_169;0;0;0;6;0;0;0;5;O_Firmicutes;"Bacteria; Firmicutes; Clostridia; Clostridiales; ?; ?"
OTU_171;0;0;0;0;0;0;0;0;O_Firmicutes;"Bacteria; Firmicutes; Clostridia; Clostridiales; ?; ?"
OTU_186;0;0;13;0;0;10;0;0;O_Firmicutes;"Bacteria; Firmicutes; Clostridia; Clostridiales; ?; ?"
OTU_198;0;0;0;0;0;0;0;0;O_Firmicutes;"Bacteria; Firmicutes; Clostridia; Clostridiales; ?; ?"
OTU_199;0;0;0;0;3;1;55;0;O_Firmicutes;"Bacteria; Firmicutes; Clostridia; Clostridiales; ?; ?"
OTU_201;0;1;2;1;4;0;0;1;O_Firmicutes;"Bacteria; Firmicutes; Clostridia; Clostridiales; ?; ?"
OTU_205;0;0;0;0;0;0;0;0;O_Firmicutes;"Bacteria; Firmicutes; Clostridia; Clostridiales; ?; ?"
OTU_224;0;0;0;0;0;0;66;0;O_Firmicutes;"Bacteria; Firmicutes; Clostridia; Clostridiales; ?; ?"
OTU_230;0;0;0;0;0;0;0;0;O_Firmicutes;"Bacteria; Firmicutes; Clostridia; Clostridiales; ?; ?"
OTU_237;0;0;0;0;0;0;2;0;O_Firmicutes;"Bacteria; Firmicutes; Clostridia; Clostridiales; ?; ?"
OTU_250;4;1;3;3;6;0;4;2;O_Firmicutes;"Bacteria; Firmicutes; Clostridia; Clostridiales; ?; ?"
OTU_262;0;0;0;0;0;0;0;0;O_Firmicutes;"Bacteria; Firmicutes; Clostridia; Clostridiales; ?; ?"
OTU_273;0;0;0;0;0;0;0;0;O_Firmicutes;"Bacteria; Firmicutes; Clostridia; Clostridiales; ?; ?"
OTU_274;1;0;5;0;3;0;0;0;O_Firmicutes;"Bacteria; Firmicutes; Clostridia; Clostridiales; ?; ?"
OTU_279;21;10;31;16;19;2;4;3;O_Firmicutes;"Bacteria; Firmicutes; Clostridia; Clostridiales; ?; ?"
OTU_284;1;0;1;1;1;0;0;0;O_Firmicutes;"Bacteria; Firmicutes; Clostridia; Clostridiales; ?; ?"
OTU_292;0;0;0;0;0;0;0;0;O_Firmicutes;"Bacteria; Firmicutes; Clostridia; Clostridiales; ?; ?"
OTU_310;0;0;1;0;0;1;0;0;O_Firmicutes;"Bacteria; Firmicutes; Clostridia; Clostridiales; ?; ?"
OTU_318;0;0;9;0;0;19;1;0;O_Firmicutes;"Bacteria; Firmicutes; Clostridia; Clostridiales; ?; ?"
OTU_320;0;0;0;3;0;0;1;6;O_Firmicutes;"Bacteria; Firmicutes; Clostridia; Clostridiales; ?; ?"
OTU_323;0;0;0;0;0;0;0;0;O_Firmicutes;"Bacteria; Firmicutes; Clostridia; Clostridiales; ?; ?"
OTU_330;3;0;4;13;0;2;1;7;O_Firmicutes;"Bacteria; Firmicutes; Clostridia; Clostridiales; ?; ?"
OTU_333;0;0;9;0;0;2;0;0;O_Firmicutes;"Bacteria; Firmicutes; Clostridia; Clostridiales; ?; ?"
OTU_336;0;0;0;0;0;0;0;0;O_Firmicutes;"Bacteria; Firmicutes; Clostridia; Clostridiales; ?; ?"
OTU_340;0;0;0;0;0;0;0;0;O_Firmicutes;"Bacteria; Firmicutes; Clostridia; Clostridiales; ?; ?"
OTU_343;1;0;1;0;0;0;0;1;O_Firmicutes;"Bacteria; Firmicutes; Clostridia; Clostridiales; ?; ?"
OTU_345;3;1;16;0;0;2;3;0;O_Firmicutes;"Bacteria; Firmicutes; Clostridia; Clostridiales; ?; ?"
OTU_349;0;0;0;2;0;0;0;5;O_Firmicutes;"Bacteria; Firmicutes; Clostridia; Clostridiales; ?; ?"
OTU_369;0;0;2;0;0;0;3;0;O_Firmicutes;"Bacteria; Firmicutes; Clostridia; Clostridiales; ?; ?"
OTU_372;38;8;5;13;3;1;0;0;O_Firmicutes;"Bacteria; Firmicutes; Clostridia; Clostridiales; ?; ?"
OTU_374;2;0;1;0;0;1;2;1;O_Firmicutes;"Bacteria; Firmicutes; Clostridia; Clostridiales; ?; ?"
OTU_379;0;0;0;0;0;0;0;0;O_Firmicutes;"Bacteria; Firmicutes; Clostridia; Clostridiales; ?; ?"
OTU_385;10;7;3;1;8;1;0;0;O_Firmicutes;"Bacteria; Firmicutes; Clostridia; Clostridiales; ?; ?"
OTU_386;0;0;0;0;0;0;1;0;O_Firmicutes;"Bacteria; Firmicutes; Clostridia; Clostridiales; ?; ?"
OTU_395;0;4;32;4;1;6;0;9;O_Firmicutes;"Bacteria; Firmicutes; Clostridia; Clostridiales; ?; ?"
OTU_398;0;0;0;0;0;0;0;0;O_Firmicutes;"Bacteria; Firmicutes; Clostridia; Clostridiales; ?; ?"
OTU_403;6;1;0;0;2;0;0;0;O_Firmicutes;"Bacteria; Firmicutes; Clostridia; Clostridiales; ?; ?"
OTU_404;0;1;11;11;2;8;0;4;O_Firmicutes;"Bacteria; Firmicutes; Clostridia; Clostridiales; ?; ?"
OTU_413;0;0;0;0;0;0;0;0;O_Firmicutes;"Bacteria; Firmicutes; Clostridia; Clostridiales; ?; ?"
OTU_421;0;1;0;0;0;0;1;0;O_Firmicutes;"Bacteria; Firmicutes; Clostridia; Clostridiales; ?; ?"
OTU_428;0;0;0;1;0;1;0;0;O_Firmicutes;"Bacteria; Firmicutes; Clostridia; Clostridiales; ?; ?"
OTU_429;3;0;13;18;1;7;4;25;O_Firmicutes;"Bacteria; Firmicutes; Clostridia; Clostridiales; ?; ?"
OTU_437;19;9;0;34;45;0;3;9;O_Firmicutes;"Bacteria; Firmicutes; Clostridia; Clostridiales; ?; ?"
OTU_462;0;0;3;0;0;0;0;2;O_Firmicutes;"Bacteria; Firmicutes; Clostridia; Clostridiales; ?; ?"
OTU_463;0;0;0;0;0;0;0;0;O_Firmicutes;"Bacteria; Firmicutes; Clostridia; Clostridiales; ?; ?"
OTU_467;0;0;0;2;0;0;0;0;O_Firmicutes;"Bacteria; Firmicutes; Clostridia; Clostridiales; ?; ?"
OTU_489;1;0;0;1;0;0;0;0;O_Firmicutes;"Bacteria; Firmicutes; Clostridia; Clostridiales; ?; ?"
OTU_490;0;0;2;0;0;0;1;0;O_Firmicutes;"Bacteria; Firmicutes; Clostridia; Clostridiales; ?; ?"
OTU_493;0;0;0;0;0;0;0;0;O_Firmicutes;"Bacteria; Firmicutes; Clostridia; Clostridiales; ?; ?"
OTU_502;3;0;8;2;0;1;0;0;O_Firmicutes;"Bacteria; Firmicutes; Clostridia; Clostridiales; ?; ?"
OTU_504;0;0;3;0;0;5;0;0;O_Firmicutes;"Bacteria; Firmicutes; Clostridia; Clostridiales; ?; ?"
OTU_508;1;0;10;0;1;0;20;0;O_Firmicutes;"Bacteria; Firmicutes; Clostridia; Clostridiales; ?; ?"
OTU_532;0;0;8;0;0;0;0;0;O_Firmicutes;"Bacteria; Firmicutes; Clostridia; Clostridiales; ?; ?"
OTU_534;4;1;4;13;17;2;1;4;O_Firmicutes;"Bacteria; Firmicutes; Clostridia; Clostridiales; ?; ?"
OTU_541;2;11;6;17;4;3;7;7;O_Firmicutes;"Bacteria; Firmicutes; Clostridia; Clostridiales; ?; ?"
OTU_547;0;0;4;3;0;0;0;3;O_Firmicutes;"Bacteria; Firmicutes; Clostridia; Clostridiales; ?; ?"
OTU_553;0;0;3;0;0;1;0;0;O_Firmicutes;"Bacteria; Firmicutes; Clostridia; Clostridiales; ?; ?"
OTU_557;0;0;14;0;0;0;19;0;O_Firmicutes;"Bacteria; Firmicutes; Clostridia; Clostridiales; ?; ?"
OTU_559;0;0;4;0;0;0;2;0;O_Firmicutes;"Bacteria; Firmicutes; Clostridia; Clostridiales; ?; ?"
OTU_560;0;0;9;0;0;0;0;3;O_Firmicutes;"Bacteria; Firmicutes; Clostridia; Clostridiales; ?; ?"
OTU_570;0;0;0;0;0;0;0;0;O_Firmicutes;"Bacteria; Firmicutes; Clostridia; Clostridiales; ?; ?"
OTU_571;0;0;0;0;0;0;0;0;O_Firmicutes;"Bacteria; Firmicutes; Clostridia; Clostridiales; ?; ?"
OTU_580;0;0;0;0;0;0;0;0;O_Firmicutes;"Bacteria; Firmicutes; Clostridia; Clostridiales; ?; ?"
OTU_588;0;0;0;0;0;0;0;0;O_Firmicutes;"Bacteria; Firmicutes; Clostridia; Clostridiales; ?; ?"
OTU_592;0;0;4;0;3;1;0;0;O_Firmicutes;"Bacteria; Firmicutes; Clostridia; Clostridiales; ?; ?"
OTU_594;3;0;1;2;1;1;0;2;O_Firmicutes;"Bacteria; Firmicutes; Clostridia; Clostridiales; ?; ?"
OTU_605;0;0;0;0;0;1;1;0;O_Firmicutes;"Bacteria; Firmicutes; Clostridia; Clostridiales; ?; ?"
OTU_610;1;0;0;0;4;1;0;1;O_Firmicutes;"Bacteria; Firmicutes; Clostridia; Clostridiales; ?; ?"
OTU_625;0;0;10;0;0;3;15;0;O_Firmicutes;"Bacteria; Firmicutes; Clostridia; Clostridiales; ?; ?"
OTU_636;1;0;0;6;5;0;6;3;O_Firmicutes;"Bacteria; Firmicutes; Clostridia; Clostridiales; ?; ?"
OTU_637;1;0;0;2;0;0;1;1;O_Firmicutes;"Bacteria; Firmicutes; Clostridia; Clostridiales; ?; ?"
OTU_644;21;9;3;5;22;0;0;3;O_Firmicutes;"Bacteria; Firmicutes; Clostridia; Clostridiales; ?; ?"
OTU_661;0;0;0;0;1;0;0;0;O_Firmicutes;"Bacteria; Firmicutes; Clostridia; Clostridiales; ?; ?"
OTU_675;0;0;0;0;0;0;0;1;O_Firmicutes;"Bacteria; Firmicutes; Clostridia; Clostridiales; ?; ?"
OTU_676;0;0;0;0;0;0;6;0;O_Firmicutes;"Bacteria; Firmicutes; Clostridia; Clostridiales; ?; ?"
OTU_677;0;0;0;0;0;0;0;0;O_Firmicutes;"Bacteria; Firmicutes; Clostridia; Clostridiales; ?; ?"
OTU_682;0;0;18;0;0;0;18;0;O_Firmicutes;"Bacteria; Firmicutes; Clostridia; Clostridiales; ?; ?"
OTU_684;1;0;0;1;0;0;0;0;O_Firmicutes;"Bacteria; Firmicutes; Clostridia; Clostridiales; ?; ?"
OTU_687;0;0;2;0;0;0;2;0;O_Firmicutes;"Bacteria; Firmicutes; Clostridia; Clostridiales; ?; ?"
OTU_696;0;0;0;0;0;0;0;0;O_Firmicutes;"Bacteria; Firmicutes; Clostridia; Clostridiales; ?; ?"
OTU_701;0;0;0;0;1;0;0;0;O_Firmicutes;"Bacteria; Firmicutes; Clostridia; Clostridiales; ?; ?"
OTU_703;0;0;0;0;0;0;0;0;O_Firmicutes;"Bacteria; Firmicutes; Clostridia; Clostridiales; ?; ?"
OTU_704;66;25;37;90;19;7;68;15;O_Firmicutes;"Bacteria; Firmicutes; Clostridia; Clostridiales; ?; ?"
OTU_724;0;0;0;0;0;1;0;1;O_Firmicutes;"Bacteria; Firmicutes; Clostridia; Clostridiales; ?; ?"
OTU_728;0;0;15;9;1;2;5;4;O_Firmicutes;"Bacteria; Firmicutes; Clostridia; Clostridiales; ?; ?"
OTU_731;1;5;12;16;20;0;15;7;O_Firmicutes;"Bacteria; Firmicutes; Clostridia; Clostridiales; ?; ?"
OTU_732;0;0;2;0;0;1;0;0;O_Firmicutes;"Bacteria; Firmicutes; Clostridia; Clostridiales; ?; ?"
OTU_737;0;0;0;0;0;0;0;0;O_Firmicutes;"Bacteria; Firmicutes; Clostridia; Clostridiales; ?; ?"
OTU_740;0;0;0;1;1;5;0;1;O_Firmicutes;"Bacteria; Firmicutes; Clostridia; Clostridiales; ?; ?"
OTU_741;0;0;0;0;0;1;0;0;O_Firmicutes;"Bacteria; Firmicutes; Clostridia; Clostridiales; ?; ?"
OTU_769;0;0;0;0;0;0;0;0;O_Firmicutes;"Bacteria; Firmicutes; Clostridia; Clostridiales; ?; ?"
OTU_770;0;0;1;0;1;0;2;1;O_Firmicutes;"Bacteria; Firmicutes; Clostridia; Clostridiales; ?; ?"
OTU_781;0;0;0;0;0;0;0;0;O_Firmicutes;"Bacteria; Firmicutes; Clostridia; Clostridiales; ?; ?"
OTU_784;0;0;0;0;0;0;3;0;O_Firmicutes;"Bacteria; Firmicutes; Clostridia; Clostridiales; ?; ?"
OTU_785;0;0;0;0;0;0;0;0;O_Firmicutes;"Bacteria; Firmicutes; Clostridia; Clostridiales; ?; ?"
OTU_786;0;0;0;1;0;0;7;4;O_Firmicutes;"Bacteria; Firmicutes; Clostridia; Clostridiales; ?; ?"
OTU_790;0;3;10;1;3;0;1;5;O_Firmicutes;"Bacteria; Firmicutes; Clostridia; Clostridiales; ?; ?"
OTU_799;0;0;0;0;0;0;0;0;O_Firmicutes;"Bacteria; Firmicutes; Clostridia; Clostridiales; ?; ?"
OTU_805;0;0;0;0;0;0;0;0;O_Firmicutes;"Bacteria; Firmicutes; Clostridia; Clostridiales; ?; ?"
OTU_810;6;0;3;2;0;0;4;1;O_Firmicutes;"Bacteria; Firmicutes; Clostridia; Clostridiales; ?; ?"
OTU_822;0;0;0;0;0;1;1;0;O_Firmicutes;"Bacteria; Firmicutes; Clostridia; Clostridiales; ?; ?"
OTU_835;0;0;0;0;0;0;0;0;O_Firmicutes;"Bacteria; Firmicutes; Clostridia; Clostridiales; ?; ?"
OTU_837;0;0;0;0;0;0;0;0;O_Firmicutes;"Bacteria; Firmicutes; Clostridia; Clostridiales; ?; ?"
OTU_219;0;0;0;0;0;0;0;0;Clostridiaceae;"Bacteria; Firmicutes; Clostridia; Clostridiales; Clostridiaceae 1; Clostridium sensu stricto"
OTU_365;14;2;8;23;1;0;1;0;Clostridiaceae;"Bacteria; Firmicutes; Clostridia; Clostridiales; Clostridiaceae 1; Clostridium sensu stricto"
OTU_780;0;0;1;3;0;0;0;0;Clostridiaceae;"Bacteria; Firmicutes; Clostridia; Clostridiales; Clostridiaceae 1; Clostridium sensu stricto"
OTU_290;0;0;2;0;0;0;1;0;O_Firmicutes;"Bacteria; Firmicutes; Clostridia; Clostridiales; Clostridiales_Incertae Sedis XIII; Mogibacterium"
OTU_299;0;1;0;0;0;0;0;0;Eubacteriaceae;"Bacteria; Firmicutes; Clostridia; Clostridiales; Eubacteriaceae; ?"
OTU_481;0;0;0;0;1;0;0;0;Eubacteriaceae;"Bacteria; Firmicutes; Clostridia; Clostridiales; Eubacteriaceae; Anaerofustis"
OTU_497;0;0;0;0;0;0;1;1;Eubacteriaceae;"Bacteria; Firmicutes; Clostridia; Clostridiales; Eubacteriaceae; Eubacterium"
OTU_755;0;0;0;1;0;0;0;2;Eubacteriaceae;"Bacteria; Firmicutes; Clostridia; Clostridiales; Eubacteriaceae; Eubacterium"
OTU_0;6;5;6;1;1;6;2;0;Lachnospiraceae;"Bacteria; Firmicutes; Clostridia; Clostridiales; Lachnospiraceae; ?"
OTU_5;2;1;0;6;3;0;1;1;Lachnospiraceae;"Bacteria; Firmicutes; Clostridia; Clostridiales; Lachnospiraceae; ?"
OTU_14;3;7;14;4;6;2;0;5;Lachnospiraceae;"Bacteria; Firmicutes; Clostridia; Clostridiales; Lachnospiraceae; ?"
OTU_21;14;29;9;1;18;1;6;0;Lachnospiraceae;"Bacteria; Firmicutes; Clostridia; Clostridiales; Lachnospiraceae; ?"
OTU_22;1;0;1;0;4;0;1;0;Lachnospiraceae;"Bacteria; Firmicutes; Clostridia; Clostridiales; Lachnospiraceae; ?"
OTU_24;2;0;0;0;6;0;0;6;Lachnospiraceae;"Bacteria; Firmicutes; Clostridia; Clostridiales; Lachnospiraceae; ?"
OTU_51;9;10;0;23;3;0;35;12;Lachnospiraceae;"Bacteria; Firmicutes; Clostridia; Clostridiales; Lachnospiraceae; ?"
OTU_67;7;1;8;9;9;3;4;3;Lachnospiraceae;"Bacteria; Firmicutes; Clostridia; Clostridiales; Lachnospiraceae; ?"
OTU_79;2;0;1;0;3;0;1;0;Lachnospiraceae;"Bacteria; Firmicutes; Clostridia; Clostridiales; Lachnospiraceae; ?"
OTU_80;11;11;6;16;24;1;10;7;Lachnospiraceae;"Bacteria; Firmicutes; Clostridia; Clostridiales; Lachnospiraceae; ?"
OTU_111;8;3;16;40;17;3;4;13;Lachnospiraceae;"Bacteria; Firmicutes; Clostridia; Clostridiales; Lachnospiraceae; ?"
OTU_117;45;37;37;37;20;4;2;19;Lachnospiraceae;"Bacteria; Firmicutes; Clostridia; Clostridiales; Lachnospiraceae; ?"
OTU_136;5;7;12;14;14;3;4;7;Lachnospiraceae;"Bacteria; Firmicutes; Clostridia; Clostridiales; Lachnospiraceae; ?"
OTU_145;0;0;2;1;0;10;0;0;Lachnospiraceae;"Bacteria; Firmicutes; Clostridia; Clostridiales; Lachnospiraceae; ?"
OTU_155;6;15;42;20;10;1;2;13;Lachnospiraceae;"Bacteria; Firmicutes; Clostridia; Clostridiales; Lachnospiraceae; ?"
OTU_178;1;44;37;6;0;6;0;137;Lachnospiraceae;"Bacteria; Firmicutes; Clostridia; Clostridiales; Lachnospiraceae; ?"
OTU_179;24;16;19;36;25;4;12;11;Lachnospiraceae;"Bacteria; Firmicutes; Clostridia; Clostridiales; Lachnospiraceae; ?"
OTU_180;6;3;6;1;5;1;1;5;Lachnospiraceae;"Bacteria; Firmicutes; Clostridia; Clostridiales; Lachnospiraceae; ?"
OTU_196;5;0;0;0;3;2;0;0;Lachnospiraceae;"Bacteria; Firmicutes; Clostridia; Clostridiales; Lachnospiraceae; ?"
OTU_200;46;66;97;94;76;10;32;92;Lachnospiraceae;"Bacteria; Firmicutes; Clostridia; Clostridiales; Lachnospiraceae; ?"
OTU_253;6;8;4;2;3;0;1;23;Lachnospiraceae;"Bacteria; Firmicutes; Clostridia; Clostridiales; Lachnospiraceae; ?"
OTU_263;3;3;9;9;4;0;0;0;Lachnospiraceae;"Bacteria; Firmicutes; Clostridia; Clostridiales; Lachnospiraceae; ?"
OTU_265;13;1;34;0;2;4;6;4;Lachnospiraceae;"Bacteria; Firmicutes; Clostridia; Clostridiales; Lachnospiraceae; ?"
OTU_268;1;0;0;0;1;0;0;0;Lachnospiraceae;"Bacteria; Firmicutes; Clostridia; Clostridiales; Lachnospiraceae; ?"
OTU_285;0;0;2;0;1;0;0;1;Lachnospiraceae;"Bacteria; Firmicutes; Clostridia; Clostridiales; Lachnospiraceae; ?"
OTU_289;117;241;282;224;218;33;81;202;Lachnospiraceae;"Bacteria; Firmicutes; Clostridia; Clostridiales; Lachnospiraceae; ?"
OTU_298;3;6;12;9;1;0;3;0;Lachnospiraceae;"Bacteria; Firmicutes; Clostridia; Clostridiales; Lachnospiraceae; ?"
OTU_308;2;6;12;23;15;1;1;38;Lachnospiraceae;"Bacteria; Firmicutes; Clostridia; Clostridiales; Lachnospiraceae; ?"
OTU_309;0;8;0;0;0;0;0;0;Lachnospiraceae;"Bacteria; Firmicutes; Clostridia; Clostridiales; Lachnospiraceae; ?"
OTU_325;0;1;0;0;2;0;0;0;Lachnospiraceae;"Bacteria; Firmicutes; Clostridia; Clostridiales; Lachnospiraceae; ?"
OTU_327;0;0;0;1;0;1;0;0;Lachnospiraceae;"Bacteria; Firmicutes; Clostridia; Clostridiales; Lachnospiraceae; ?"
OTU_344;30;58;25;51;44;1;18;4;Lachnospiraceae;"Bacteria; Firmicutes; Clostridia; Clostridiales; Lachnospiraceae; ?"
OTU_352;6;106;25;21;18;4;8;8;Lachnospiraceae;"Bacteria; Firmicutes; Clostridia; Clostridiales; Lachnospiraceae; ?"
OTU_363;0;0;0;1;0;0;0;0;Lachnospiraceae;"Bacteria; Firmicutes; Clostridia; Clostridiales; Lachnospiraceae; ?"
OTU_371;9;2;2;11;3;0;1;3;Lachnospiraceae;"Bacteria; Firmicutes; Clostridia; Clostridiales; Lachnospiraceae; ?"
OTU_401;14;3;11;27;18;2;11;9;Lachnospiraceae;"Bacteria; Firmicutes; Clostridia; Clostridiales; Lachnospiraceae; ?"
OTU_409;0;0;0;0;0;0;1;0;Lachnospiraceae;"Bacteria; Firmicutes; Clostridia; Clostridiales; Lachnospiraceae; ?"
OTU_411;4;3;13;8;14;0;3;0;Lachnospiraceae;"Bacteria; Firmicutes; Clostridia; Clostridiales; Lachnospiraceae; ?"
OTU_414;28;19;59;61;67;8;24;41;Lachnospiraceae;"Bacteria; Firmicutes; Clostridia; Clostridiales; Lachnospiraceae; ?"
OTU_419;2;3;1;2;5;0;1;1;Lachnospiraceae;"Bacteria; Firmicutes; Clostridia; Clostridiales; Lachnospiraceae; ?"
OTU_446;11;0;1;2;6;0;3;4;Lachnospiraceae;"Bacteria; Firmicutes; Clostridia; Clostridiales; Lachnospiraceae; ?"
OTU_450;4;0;0;0;0;0;0;0;Lachnospiraceae;"Bacteria; Firmicutes; Clostridia; Clostridiales; Lachnospiraceae; ?"
OTU_456;52;134;14;23;30;19;3;6;Lachnospiraceae;"Bacteria; Firmicutes; Clostridia; Clostridiales; Lachnospiraceae; ?"
OTU_460;8;1;3;1;8;0;0;2;Lachnospiraceae;"Bacteria; Firmicutes; Clostridia; Clostridiales; Lachnospiraceae; ?"
OTU_484;0;0;0;0;0;0;0;0;Lachnospiraceae;"Bacteria; Firmicutes; Clostridia; Clostridiales; Lachnospiraceae; ?"
OTU_506;1;2;3;0;1;0;1;0;Lachnospiraceae;"Bacteria; Firmicutes; Clostridia; Clostridiales; Lachnospiraceae; ?"
OTU_515;26;21;49;39;54;8;21;37;Lachnospiraceae;"Bacteria; Firmicutes; Clostridia; Clostridiales; Lachnospiraceae; ?"
OTU_520;1;2;3;0;1;0;1;1;Lachnospiraceae;"Bacteria; Firmicutes; Clostridia; Clostridiales; Lachnospiraceae; ?"
OTU_531;0;0;6;0;7;0;0;0;Lachnospiraceae;"Bacteria; Firmicutes; Clostridia; Clostridiales; Lachnospiraceae; ?"
OTU_575;0;0;0;0;0;0;2;0;Lachnospiraceae;"Bacteria; Firmicutes; Clostridia; Clostridiales; Lachnospiraceae; ?"
OTU_577;0;0;0;0;0;0;0;0;Lachnospiraceae;"Bacteria; Firmicutes; Clostridia; Clostridiales; Lachnospiraceae; ?"
OTU_578;39;15;6;88;28;2;10;21;Lachnospiraceae;"Bacteria; Firmicutes; Clostridia; Clostridiales; Lachnospiraceae; ?"
OTU_589;0;20;10;36;9;2;23;10;Lachnospiraceae;"Bacteria; Firmicutes; Clostridia; Clostridiales; Lachnospiraceae; ?"
OTU_595;26;3;15;43;33;0;2;11;Lachnospiraceae;"Bacteria; Firmicutes; Clostridia; Clostridiales; Lachnospiraceae; ?"
OTU_608;1;2;0;0;3;0;2;2;Lachnospiraceae;"Bacteria; Firmicutes; Clostridia; Clostridiales; Lachnospiraceae; ?"
OTU_638;0;0;1;1;0;0;0;0;Lachnospiraceae;"Bacteria; Firmicutes; Clostridia; Clostridiales; Lachnospiraceae; ?"
OTU_639;0;3;4;3;8;0;3;5;Lachnospiraceae;"Bacteria; Firmicutes; Clostridia; Clostridiales; Lachnospiraceae; ?"
OTU_645;10;4;4;38;13;7;11;14;Lachnospiraceae;"Bacteria; Firmicutes; Clostridia; Clostridiales; Lachnospiraceae; ?"
OTU_650;0;0;0;0;0;0;0;0;Lachnospiraceae;"Bacteria; Firmicutes; Clostridia; Clostridiales; Lachnospiraceae; ?"
OTU_653;3;7;13;15;10;2;5;10;Lachnospiraceae;"Bacteria; Firmicutes; Clostridia; Clostridiales; Lachnospiraceae; ?"
OTU_658;0;0;0;0;0;0;0;0;Lachnospiraceae;"Bacteria; Firmicutes; Clostridia; Clostridiales; Lachnospiraceae; ?"
OTU_659;40;17;8;7;6;1;2;3;Lachnospiraceae;"Bacteria; Firmicutes; Clostridia; Clostridiales; Lachnospiraceae; ?"
OTU_663;3;4;0;3;3;1;0;0;Lachnospiraceae;"Bacteria; Firmicutes; Clostridia; Clostridiales; Lachnospiraceae; ?"
OTU_665;0;0;0;0;0;0;0;0;Lachnospiraceae;"Bacteria; Firmicutes; Clostridia; Clostridiales; Lachnospiraceae; ?"
OTU_683;1;0;0;1;1;0;2;0;Lachnospiraceae;"Bacteria; Firmicutes; Clostridia; Clostridiales; Lachnospiraceae; ?"
OTU_689;2;2;0;3;5;0;2;1;Lachnospiraceae;"Bacteria; Firmicutes; Clostridia; Clostridiales; Lachnospiraceae; ?"
OTU_692;0;0;1;0;0;0;0;0;Lachnospiraceae;"Bacteria; Firmicutes; Clostridia; Clostridiales; Lachnospiraceae; ?"
OTU_697;0;0;4;0;0;2;1;0;Lachnospiraceae;"Bacteria; Firmicutes; Clostridia; Clostridiales; Lachnospiraceae; ?"
OTU_700;1;1;1;1;1;0;1;4;Lachnospiraceae;"Bacteria; Firmicutes; Clostridia; Clostridiales; Lachnospiraceae; ?"
OTU_705;10;9;9;7;18;4;3;7;Lachnospiraceae;"Bacteria; Firmicutes; Clostridia; Clostridiales; Lachnospiraceae; ?"
OTU_720;0;0;5;1;0;2;0;0;Lachnospiraceae;"Bacteria; Firmicutes; Clostridia; Clostridiales; Lachnospiraceae; ?"
OTU_726;0;0;0;0;0;2;0;0;Lachnospiraceae;"Bacteria; Firmicutes; Clostridia; Clostridiales; Lachnospiraceae; ?"
OTU_735;2;1;3;2;4;0;0;0;Lachnospiraceae;"Bacteria; Firmicutes; Clostridia; Clostridiales; Lachnospiraceae; ?"
OTU_736;0;7;13;2;0;2;0;3;Lachnospiraceae;"Bacteria; Firmicutes; Clostridia; Clostridiales; Lachnospiraceae; ?"
OTU_743;3;8;3;6;0;2;1;3;Lachnospiraceae;"Bacteria; Firmicutes; Clostridia; Clostridiales; Lachnospiraceae; ?"
OTU_751;0;0;0;0;1;0;1;0;Lachnospiraceae;"Bacteria; Firmicutes; Clostridia; Clostridiales; Lachnospiraceae; ?"
OTU_760;4;1;3;3;4;4;1;0;Lachnospiraceae;"Bacteria; Firmicutes; Clostridia; Clostridiales; Lachnospiraceae; ?"
OTU_806;0;0;0;0;1;0;0;0;Lachnospiraceae;"Bacteria; Firmicutes; Clostridia; Clostridiales; Lachnospiraceae; ?"
OTU_807;70;20;15;132;31;3;23;4;Lachnospiraceae;"Bacteria; Firmicutes; Clostridia; Clostridiales; Lachnospiraceae; ?"
OTU_808;25;16;12;6;17;0;3;0;Lachnospiraceae;"Bacteria; Firmicutes; Clostridia; Clostridiales; Lachnospiraceae; ?"
OTU_809;1;0;0;1;2;0;0;1;Lachnospiraceae;"Bacteria; Firmicutes; Clostridia; Clostridiales; Lachnospiraceae; ?"
OTU_812;16;20;54;24;18;8;10;15;Lachnospiraceae;"Bacteria; Firmicutes; Clostridia; Clostridiales; Lachnospiraceae; ?"
OTU_827;5;15;9;4;15;2;10;9;Lachnospiraceae;"Bacteria; Firmicutes; Clostridia; Clostridiales; Lachnospiraceae; ?"
OTU_830;0;0;2;0;0;0;0;0;Lachnospiraceae;"Bacteria; Firmicutes; Clostridia; Clostridiales; Lachnospiraceae; ?"
OTU_843;0;0;0;2;0;0;0;0;Lachnospiraceae;"Bacteria; Firmicutes; Clostridia; Clostridiales; Lachnospiraceae; ?"
OTU_849;15;44;28;47;10;3;1;15;Lachnospiraceae;"Bacteria; Firmicutes; Clostridia; Clostridiales; Lachnospiraceae; ?"
OTU_430;10;52;111;29;35;12;13;14;Lachnospiraceae;"Bacteria; Firmicutes; Clostridia; Clostridiales; Lachnospiraceae; Anaerostipes"
OTU_754;6;23;12;27;50;7;13;6;Lachnospiraceae;"Bacteria; Firmicutes; Clostridia; Clostridiales; Lachnospiraceae; Anaerostipes"
OTU_12;62;142;69;24;29;6;7;16;Lachnospiraceae;"Bacteria; Firmicutes; Clostridia; Clostridiales; Lachnospiraceae; Blautia"
OTU_31;57;51;47;70;47;17;9;65;Lachnospiraceae;"Bacteria; Firmicutes; Clostridia; Clostridiales; Lachnospiraceae; Blautia"
OTU_34;16;28;84;27;22;7;32;23;Lachnospiraceae;"Bacteria; Firmicutes; Clostridia; Clostridiales; Lachnospiraceae; Blautia"
OTU_86;87;103;26;29;18;3;22;20;Lachnospiraceae;"Bacteria; Firmicutes; Clostridia; Clostridiales; Lachnospiraceae; Blautia"
OTU_133;4;51;44;31;13;6;8;42;Lachnospiraceae;"Bacteria; Firmicutes; Clostridia; Clostridiales; Lachnospiraceae; Blautia"
OTU_275;5;6;5;5;16;2;4;2;Lachnospiraceae;"Bacteria; Firmicutes; Clostridia; Clostridiales; Lachnospiraceae; Blautia"
OTU_366;3;10;20;31;8;0;14;14;Lachnospiraceae;"Bacteria; Firmicutes; Clostridia; Clostridiales; Lachnospiraceae; Blautia"
OTU_399;2;4;5;16;12;4;7;6;Lachnospiraceae;"Bacteria; Firmicutes; Clostridia; Clostridiales; Lachnospiraceae; Blautia"
OTU_485;0;0;2;1;0;0;0;3;Lachnospiraceae;"Bacteria; Firmicutes; Clostridia; Clostridiales; Lachnospiraceae; Blautia"
OTU_492;0;0;0;1;0;0;0;0;Lachnospiraceae;"Bacteria; Firmicutes; Clostridia; Clostridiales; Lachnospiraceae; Blautia"
OTU_527;12;31;36;43;14;13;11;25;Lachnospiraceae;"Bacteria; Firmicutes; Clostridia; Clostridiales; Lachnospiraceae; Blautia"
OTU_535;1;27;15;8;0;7;1;15;Lachnospiraceae;"Bacteria; Firmicutes; Clostridia; Clostridiales; Lachnospiraceae; Blautia"
OTU_539;5;81;127;45;18;10;0;49;Lachnospiraceae;"Bacteria; Firmicutes; Clostridia; Clostridiales; Lachnospiraceae; Blautia"
OTU_615;28;8;16;49;44;1;23;41;Lachnospiraceae;"Bacteria; Firmicutes; Clostridia; Clostridiales; Lachnospiraceae; Blautia"
OTU_673;0;0;0;0;0;0;0;0;Lachnospiraceae;"Bacteria; Firmicutes; Clostridia; Clostridiales; Lachnospiraceae; Blautia"
OTU_792;30;12;11;9;17;2;3;8;Lachnospiraceae;"Bacteria; Firmicutes; Clostridia; Clostridiales; Lachnospiraceae; Blautia"
OTU_833;0;0;0;0;0;0;3;0;Lachnospiraceae;"Bacteria; Firmicutes; Clostridia; Clostridiales; Lachnospiraceae; Blautia"
OTU_846;12;14;32;29;31;7;19;62;Lachnospiraceae;"Bacteria; Firmicutes; Clostridia; Clostridiales; Lachnospiraceae; Blautia"
OTU_9;25;50;27;14;15;23;19;42;Lachnospiraceae;"Bacteria; Firmicutes; Clostridia; Clostridiales; Lachnospiraceae; Clostridium XlVa"
OTU_130;4;1;1;5;3;0;2;4;Lachnospiraceae;"Bacteria; Firmicutes; Clostridia; Clostridiales; Lachnospiraceae; Clostridium XlVa"
OTU_613;0;0;0;3;2;2;0;0;Lachnospiraceae;"Bacteria; Firmicutes; Clostridia; Clostridiales; Lachnospiraceae; Clostridium XlVa"
OTU_112;0;3;0;0;0;1;0;0;Lachnospiraceae;"Bacteria; Firmicutes; Clostridia; Clostridiales; Lachnospiraceae; Clostridium XlVb"
OTU_216;5;1;0;1;1;2;0;0;Lachnospiraceae;"Bacteria; Firmicutes; Clostridia; Clostridiales; Lachnospiraceae; Clostridium XlVb"
OTU_440;0;0;0;0;0;0;0;0;Lachnospiraceae;"Bacteria; Firmicutes; Clostridia; Clostridiales; Lachnospiraceae; Clostridium XlVb"
OTU_474;1;0;0;0;0;0;0;0;Lachnospiraceae;"Bacteria; Firmicutes; Clostridia; Clostridiales; Lachnospiraceae; Clostridium XlVb"
OTU_494;1;0;0;0;2;1;0;0;Lachnospiraceae;"Bacteria; Firmicutes; Clostridia; Clostridiales; Lachnospiraceae; Clostridium XlVb"
OTU_721;0;0;0;0;0;0;0;0;Lachnospiraceae;"Bacteria; Firmicutes; Clostridia; Clostridiales; Lachnospiraceae; Clostridium XlVb"
OTU_842;0;0;0;0;0;0;0;0;Lachnospiraceae;"Bacteria; Firmicutes; Clostridia; Clostridiales; Lachnospiraceae; Clostridium XlVb"
OTU_20;19;11;15;36;14;36;1;9;Lachnospiraceae;"Bacteria; Firmicutes; Clostridia; Clostridiales; Lachnospiraceae; Coprococcus"
OTU_44;48;83;66;62;80;8;28;55;Lachnospiraceae;"Bacteria; Firmicutes; Clostridia; Clostridiales; Lachnospiraceae; Coprococcus"
OTU_70;17;21;11;30;30;0;9;13;Lachnospiraceae;"Bacteria; Firmicutes; Clostridia; Clostridiales; Lachnospiraceae; Coprococcus"
OTU_96;4;12;49;37;4;10;18;14;Lachnospiraceae;"Bacteria; Firmicutes; Clostridia; Clostridiales; Lachnospiraceae; Coprococcus"
OTU_104;21;12;51;47;23;22;40;14;Lachnospiraceae;"Bacteria; Firmicutes; Clostridia; Clostridiales; Lachnospiraceae; Coprococcus"
OTU_113;28;0;46;16;25;5;3;10;Lachnospiraceae;"Bacteria; Firmicutes; Clostridia; Clostridiales; Lachnospiraceae; Coprococcus"
OTU_138;7;8;23;12;9;1;12;23;Lachnospiraceae;"Bacteria; Firmicutes; Clostridia; Clostridiales; Lachnospiraceae; Coprococcus"
OTU_246;63;66;57;92;124;7;23;63;Lachnospiraceae;"Bacteria; Firmicutes; Clostridia; Clostridiales; Lachnospiraceae; Coprococcus"
OTU_431;7;126;44;29;13;10;0;31;Lachnospiraceae;"Bacteria; Firmicutes; Clostridia; Clostridiales; Lachnospiraceae; Coprococcus"
OTU_562;19;23;46;38;34;7;47;17;Lachnospiraceae;"Bacteria; Firmicutes; Clostridia; Clostridiales; Lachnospiraceae; Coprococcus"
OTU_603;13;5;11;25;12;4;16;11;Lachnospiraceae;"Bacteria; Firmicutes; Clostridia; Clostridiales; Lachnospiraceae; Coprococcus"
OTU_10;9;29;57;66;17;11;5;70;Lachnospiraceae;"Bacteria; Firmicutes; Clostridia; Clostridiales; Lachnospiraceae; Dorea"
OTU_65;133;62;202;104;106;20;47;84;Lachnospiraceae;"Bacteria; Firmicutes; Clostridia; Clostridiales; Lachnospiraceae; Dorea"
OTU_235;0;0;0;0;0;0;0;0;Lachnospiraceae;"Bacteria; Firmicutes; Clostridia; Clostridiales; Lachnospiraceae; Dorea"
OTU_259;0;0;4;0;0;0;0;0;Lachnospiraceae;"Bacteria; Firmicutes; Clostridia; Clostridiales; Lachnospiraceae; Dorea"
OTU_266;9;15;10;9;14;0;1;1;Lachnospiraceae;"Bacteria; Firmicutes; Clostridia; Clostridiales; Lachnospiraceae; Dorea"
OTU_367;12;6;6;5;2;0;8;3;Lachnospiraceae;"Bacteria; Firmicutes; Clostridia; Clostridiales; Lachnospiraceae; Dorea"
OTU_405;0;0;0;0;0;1;0;0;Lachnospiraceae;"Bacteria; Firmicutes; Clostridia; Clostridiales; Lachnospiraceae; Dorea"
OTU_581;1;0;0;0;0;1;2;0;Lachnospiraceae;"Bacteria; Firmicutes; Clostridia; Clostridiales; Lachnospiraceae; Dorea"
OTU_626;0;0;0;0;0;0;0;0;Lachnospiraceae;"Bacteria; Firmicutes; Clostridia; Clostridiales; Lachnospiraceae; Dorea"
OTU_660;1;0;0;0;0;0;1;0;Lachnospiraceae;"Bacteria; Firmicutes; Clostridia; Clostridiales; Lachnospiraceae; Dorea"
OTU_695;0;0;0;0;0;1;0;0;Lachnospiraceae;"Bacteria; Firmicutes; Clostridia; Clostridiales; Lachnospiraceae; Dorea"
OTU_800;0;0;0;0;0;0;0;0;Lachnospiraceae;"Bacteria; Firmicutes; Clostridia; Clostridiales; Lachnospiraceae; Dorea"
OTU_444;0;0;0;0;0;0;0;0;Lachnospiraceae;"Bacteria; Firmicutes; Clostridia; Clostridiales; Lachnospiraceae; Howardella"
OTU_17;51;78;183;98;117;45;44;87;Lachnospiraceae;"Bacteria; Firmicutes; Clostridia; Clostridiales; Lachnospiraceae; Lachnospiracea_incertae_sedis"
OTU_29;70;95;61;105;43;38;36;104;Lachnospiraceae;"Bacteria; Firmicutes; Clostridia; Clostridiales; Lachnospiraceae; Lachnospiracea_incertae_sedis"
OTU_38;88;39;199;169;125;20;21;97;Lachnospiraceae;"Bacteria; Firmicutes; Clostridia; Clostridiales; Lachnospiraceae; Lachnospiracea_incertae_sedis"
OTU_72;15;90;9;27;13;8;14;8;Lachnospiraceae;"Bacteria; Firmicutes; Clostridia; Clostridiales; Lachnospiraceae; Lachnospiracea_incertae_sedis"
OTU_75;18;1;3;14;22;5;2;7;Lachnospiraceae;"Bacteria; Firmicutes; Clostridia; Clostridiales; Lachnospiraceae; Lachnospiracea_incertae_sedis"
OTU_184;25;6;18;30;79;3;8;16;Lachnospiraceae;"Bacteria; Firmicutes; Clostridia; Clostridiales; Lachnospiraceae; Lachnospiracea_incertae_sedis"
OTU_195;44;13;20;21;20;5;2;13;Lachnospiraceae;"Bacteria; Firmicutes; Clostridia; Clostridiales; Lachnospiraceae; Lachnospiracea_incertae_sedis"
OTU_314;7;16;24;37;8;15;4;18;Lachnospiraceae;"Bacteria; Firmicutes; Clostridia; Clostridiales; Lachnospiraceae; Lachnospiracea_incertae_sedis"
OTU_335;5;3;10;12;33;0;7;7;Lachnospiraceae;"Bacteria; Firmicutes; Clostridia; Clostridiales; Lachnospiraceae; Lachnospiracea_incertae_sedis"
OTU_392;17;3;5;8;19;0;1;10;Lachnospiraceae;"Bacteria; Firmicutes; Clostridia; Clostridiales; Lachnospiraceae; Lachnospiracea_incertae_sedis"
OTU_416;1;5;0;3;3;0;5;0;Lachnospiraceae;"Bacteria; Firmicutes; Clostridia; Clostridiales; Lachnospiraceae; Lachnospiracea_incertae_sedis"
OTU_442;6;2;6;1;0;0;2;1;Lachnospiraceae;"Bacteria; Firmicutes; Clostridia; Clostridiales; Lachnospiraceae; Lachnospiracea_incertae_sedis"
OTU_449;16;0;2;3;20;4;4;6;Lachnospiraceae;"Bacteria; Firmicutes; Clostridia; Clostridiales; Lachnospiraceae; Lachnospiracea_incertae_sedis"
OTU_451;13;4;1;13;7;0;5;7;Lachnospiraceae;"Bacteria; Firmicutes; Clostridia; Clostridiales; Lachnospiraceae; Lachnospiracea_incertae_sedis"
OTU_458;2;0;0;4;10;0;4;1;Lachnospiraceae;"Bacteria; Firmicutes; Clostridia; Clostridiales; Lachnospiraceae; Lachnospiracea_incertae_sedis"
OTU_544;25;21;70;50;55;5;54;14;Lachnospiraceae;"Bacteria; Firmicutes; Clostridia; Clostridiales; Lachnospiraceae; Lachnospiracea_incertae_sedis"
OTU_566;40;11;34;70;27;6;10;25;Lachnospiraceae;"Bacteria; Firmicutes; Clostridia; Clostridiales; Lachnospiraceae; Lachnospiracea_incertae_sedis"
OTU_707;7;3;10;14;13;1;1;3;Lachnospiraceae;"Bacteria; Firmicutes; Clostridia; Clostridiales; Lachnospiraceae; Lachnospiracea_incertae_sedis"
OTU_775;2;3;0;1;0;0;2;1;Lachnospiraceae;"Bacteria; Firmicutes; Clostridia; Clostridiales; Lachnospiraceae; Lachnospiracea_incertae_sedis"
OTU_798;2;2;0;0;0;1;0;0;Lachnospiraceae;"Bacteria; Firmicutes; Clostridia; Clostridiales; Lachnospiraceae; Lachnospiracea_incertae_sedis"
OTU_802;15;26;45;39;23;2;16;20;Lachnospiraceae;"Bacteria; Firmicutes; Clostridia; Clostridiales; Lachnospiraceae; Lachnospiracea_incertae_sedis"
OTU_803;4;7;36;34;24;2;10;14;Lachnospiraceae;"Bacteria; Firmicutes; Clostridia; Clostridiales; Lachnospiraceae; Lachnospiracea_incertae_sedis"
OTU_814;35;26;83;89;68;7;41;67;Lachnospiraceae;"Bacteria; Firmicutes; Clostridia; Clostridiales; Lachnospiraceae; Lachnospiracea_incertae_sedis"
OTU_821;14;30;76;55;90;4;16;71;Lachnospiraceae;"Bacteria; Firmicutes; Clostridia; Clostridiales; Lachnospiraceae; Lachnospiracea_incertae_sedis"
OTU_832;33;24;16;104;26;10;25;36;Lachnospiraceae;"Bacteria; Firmicutes; Clostridia; Clostridiales; Lachnospiraceae; Lachnospiracea_incertae_sedis"
OTU_841;20;38;168;30;21;3;8;44;Lachnospiraceae;"Bacteria; Firmicutes; Clostridia; Clostridiales; Lachnospiraceae; Lachnospiracea_incertae_sedis"
OTU_98;5;2;4;5;1;0;4;0;Lachnospiraceae;"Bacteria; Firmicutes; Clostridia; Clostridiales; Lachnospiraceae; Lactonifactor"
OTU_41;81;94;12;55;86;4;4;12;Lachnospiraceae;"Bacteria; Firmicutes; Clostridia; Clostridiales; Lachnospiraceae; Roseburia"
OTU_49;54;72;1;28;69;1;12;10;Lachnospiraceae;"Bacteria; Firmicutes; Clostridia; Clostridiales; Lachnospiraceae; Roseburia"
OTU_88;133;235;129;151;52;7;5;66;Lachnospiraceae;"Bacteria; Firmicutes; Clostridia; Clostridiales; Lachnospiraceae; Roseburia"
OTU_248;135;129;32;62;28;3;5;25;Lachnospiraceae;"Bacteria; Firmicutes; Clostridia; Clostridiales; Lachnospiraceae; Roseburia"
OTU_286;69;57;36;108;72;2;30;33;Lachnospiraceae;"Bacteria; Firmicutes; Clostridia; Clostridiales; Lachnospiraceae; Roseburia"
OTU_373;205;161;76;50;89;4;2;17;Lachnospiraceae;"Bacteria; Firmicutes; Clostridia; Clostridiales; Lachnospiraceae; Roseburia"
OTU_378;0;0;0;0;0;0;0;1;Lachnospiraceae;"Bacteria; Firmicutes; Clostridia; Clostridiales; Lachnospiraceae; Roseburia"
OTU_406;70;58;38;91;33;3;1;26;Lachnospiraceae;"Bacteria; Firmicutes; Clostridia; Clostridiales; Lachnospiraceae; Roseburia"
OTU_478;94;95;69;176;160;4;57;60;Lachnospiraceae;"Bacteria; Firmicutes; Clostridia; Clostridiales; Lachnospiraceae; Roseburia"
OTU_596;29;41;18;38;59;1;5;14;Lachnospiraceae;"Bacteria; Firmicutes; Clostridia; Clostridiales; Lachnospiraceae; Roseburia"
OTU_758;97;27;68;125;81;11;23;60;Lachnospiraceae;"Bacteria; Firmicutes; Clostridia; Clostridiales; Lachnospiraceae; Roseburia"
OTU_828;0;0;0;0;0;0;0;0;Lachnospiraceae;"Bacteria; Firmicutes; Clostridia; Clostridiales; Lachnospiraceae; Roseburia"
OTU_304;0;0;0;0;0;0;0;0;O_Firmicutes;"Bacteria; Firmicutes; Clostridia; Clostridiales; Peptococcaceae 1; Peptococcus"
OTU_359;0;0;0;0;0;0;0;0;O_Firmicutes;"Bacteria; Firmicutes; Clostridia; Clostridiales; Peptococcaceae 1; Peptococcus"
OTU_576;0;0;0;0;0;0;0;0;O_Firmicutes;"Bacteria; Firmicutes; Clostridia; Clostridiales; Peptococcaceae 1; Peptococcus"
OTU_796;0;0;0;0;0;0;0;0;O_Firmicutes;"Bacteria; Firmicutes; Clostridia; Clostridiales; Peptococcaceae 1; Peptococcus"
OTU_63;28;75;24;36;57;5;3;17;O_Firmicutes;"Bacteria; Firmicutes; Clostridia; Clostridiales; Peptostreptococcaceae; Clostridium XI"
OTU_115;20;21;23;32;34;0;13;1;O_Firmicutes;"Bacteria; Firmicutes; Clostridia; Clostridiales; Peptostreptococcaceae; Clostridium XI"
OTU_391;0;0;0;0;0;0;0;0;O_Firmicutes;"Bacteria; Firmicutes; Clostridia; Clostridiales; Peptostreptococcaceae; Peptostreptococcus"
OTU_1;1;22;44;14;1;10;9;50;Ruminococcaceae;"Bacteria; Firmicutes; Clostridia; Clostridiales; Ruminococcaceae; ?"
OTU_15;28;0;0;0;3;0;0;0;Ruminococcaceae;"Bacteria; Firmicutes; Clostridia; Clostridiales; Ruminococcaceae; ?"
OTU_30;0;0;0;0;0;0;0;0;Ruminococcaceae;"Bacteria; Firmicutes; Clostridia; Clostridiales; Ruminococcaceae; ?"
OTU_36;1;0;0;2;0;0;0;5;Ruminococcaceae;"Bacteria; Firmicutes; Clostridia; Clostridiales; Ruminococcaceae; ?"
OTU_37;2;0;4;0;0;11;0;0;Ruminococcaceae;"Bacteria; Firmicutes; Clostridia; Clostridiales; Ruminococcaceae; ?"
OTU_48;0;0;0;0;0;0;0;0;Ruminococcaceae;"Bacteria; Firmicutes; Clostridia; Clostridiales; Ruminococcaceae; ?"
OTU_50;5;2;21;0;1;5;1;0;Ruminococcaceae;"Bacteria; Firmicutes; Clostridia; Clostridiales; Ruminococcaceae; ?"
OTU_60;0;0;1;0;2;0;0;1;Ruminococcaceae;"Bacteria; Firmicutes; Clostridia; Clostridiales; Ruminococcaceae; ?"
OTU_69;5;1;0;4;2;0;0;6;Ruminococcaceae;"Bacteria; Firmicutes; Clostridia; Clostridiales; Ruminococcaceae; ?"
OTU_77;20;5;47;11;2;10;5;27;Ruminococcaceae;"Bacteria; Firmicutes; Clostridia; Clostridiales; Ruminococcaceae; ?"
OTU_81;3;0;2;0;1;1;0;1;Ruminococcaceae;"Bacteria; Firmicutes; Clostridia; Clostridiales; Ruminococcaceae; ?"
OTU_85;2;0;5;0;0;1;0;0;Ruminococcaceae;"Bacteria; Firmicutes; Clostridia; Clostridiales; Ruminococcaceae; ?"
OTU_94;5;0;1;3;2;1;0;2;Ruminococcaceae;"Bacteria; Firmicutes; Clostridia; Clostridiales; Ruminococcaceae; ?"
OTU_102;0;0;0;0;0;0;0;0;Ruminococcaceae;"Bacteria; Firmicutes; Clostridia; Clostridiales; Ruminococcaceae; ?"
OTU_110;0;0;4;0;0;0;0;0;Ruminococcaceae;"Bacteria; Firmicutes; Clostridia; Clostridiales; Ruminococcaceae; ?"
OTU_114;1;0;4;3;5;1;0;2;Ruminococcaceae;"Bacteria; Firmicutes; Clostridia; Clostridiales; Ruminococcaceae; ?"
OTU_131;0;0;8;0;0;0;0;0;Ruminococcaceae;"Bacteria; Firmicutes; Clostridia; Clostridiales; Ruminococcaceae; ?"
OTU_135;18;39;1;3;46;0;0;12;Ruminococcaceae;"Bacteria; Firmicutes; Clostridia; Clostridiales; Ruminococcaceae; ?"
OTU_140;0;0;9;0;0;5;0;0;Ruminococcaceae;"Bacteria; Firmicutes; Clostridia; Clostridiales; Ruminococcaceae; ?"
OTU_141;0;0;0;0;0;0;0;0;Ruminococcaceae;"Bacteria; Firmicutes; Clostridia; Clostridiales; Ruminococcaceae; ?"
OTU_142;0;0;0;0;0;0;0;0;Ruminococcaceae;"Bacteria; Firmicutes; Clostridia; Clostridiales; Ruminococcaceae; ?"
OTU_148;2;1;3;2;1;0;0;0;Ruminococcaceae;"Bacteria; Firmicutes; Clostridia; Clostridiales; Ruminococcaceae; ?"
OTU_151;1;1;0;3;0;0;0;1;Ruminococcaceae;"Bacteria; Firmicutes; Clostridia; Clostridiales; Ruminococcaceae; ?"
OTU_156;0;0;0;2;0;7;0;0;Ruminococcaceae;"Bacteria; Firmicutes; Clostridia; Clostridiales; Ruminococcaceae; ?"
OTU_158;0;0;1;1;0;0;1;0;Ruminococcaceae;"Bacteria; Firmicutes; Clostridia; Clostridiales; Ruminococcaceae; ?"
OTU_161;0;0;1;0;0;2;0;0;Ruminococcaceae;"Bacteria; Firmicutes; Clostridia; Clostridiales; Ruminococcaceae; ?"
OTU_162;6;2;17;24;0;1;3;21;Ruminococcaceae;"Bacteria; Firmicutes; Clostridia; Clostridiales; Ruminococcaceae; ?"
OTU_170;0;0;44;0;0;11;0;0;Ruminococcaceae;"Bacteria; Firmicutes; Clostridia; Clostridiales; Ruminococcaceae; ?"
OTU_187;2;0;0;0;0;0;0;0;Ruminococcaceae;"Bacteria; Firmicutes; Clostridia; Clostridiales; Ruminococcaceae; ?"
OTU_188;3;54;5;6;9;2;15;3;Ruminococcaceae;"Bacteria; Firmicutes; Clostridia; Clostridiales; Ruminococcaceae; ?"
OTU_189;0;0;0;0;0;0;0;0;Ruminococcaceae;"Bacteria; Firmicutes; Clostridia; Clostridiales; Ruminococcaceae; ?"
OTU_197;14;30;45;44;4;24;9;57;Ruminococcaceae;"Bacteria; Firmicutes; Clostridia; Clostridiales; Ruminococcaceae; ?"
OTU_202;0;0;0;0;0;0;0;0;Ruminococcaceae;"Bacteria; Firmicutes; Clostridia; Clostridiales; Ruminococcaceae; ?"
OTU_203;0;0;3;10;0;0;1;19;Ruminococcaceae;"Bacteria; Firmicutes; Clostridia; Clostridiales; Ruminococcaceae; ?"
OTU_208;0;0;0;0;0;0;0;0;Ruminococcaceae;"Bacteria; Firmicutes; Clostridia; Clostridiales; Ruminococcaceae; ?"
OTU_209;2;0;2;3;2;4;1;2;Ruminococcaceae;"Bacteria; Firmicutes; Clostridia; Clostridiales; Ruminococcaceae; ?"
OTU_215;17;0;1;0;9;0;4;0;Ruminococcaceae;"Bacteria; Firmicutes; Clostridia; Clostridiales; Ruminococcaceae; ?"
OTU_217;2;6;354;0;4;0;172;8;Ruminococcaceae;"Bacteria; Firmicutes; Clostridia; Clostridiales; Ruminococcaceae; ?"
OTU_223;0;0;0;0;0;0;0;0;Ruminococcaceae;"Bacteria; Firmicutes; Clostridia; Clostridiales; Ruminococcaceae; ?"
OTU_234;0;0;0;1;0;0;0;0;Ruminococcaceae;"Bacteria; Firmicutes; Clostridia; Clostridiales; Ruminococcaceae; ?"
OTU_251;2;0;5;4;3;2;32;8;Ruminococcaceae;"Bacteria; Firmicutes; Clostridia; Clostridiales; Ruminococcaceae; ?"
OTU_254;0;0;3;0;0;2;0;0;Ruminococcaceae;"Bacteria; Firmicutes; Clostridia; Clostridiales; Ruminococcaceae; ?"
OTU_258;0;0;0;0;1;0;0;0;Ruminococcaceae;"Bacteria; Firmicutes; Clostridia; Clostridiales; Ruminococcaceae; ?"
OTU_264;0;1;0;0;0;0;2;0;Ruminococcaceae;"Bacteria; Firmicutes; Clostridia; Clostridiales; Ruminococcaceae; ?"
OTU_269;0;8;0;16;0;0;0;11;Ruminococcaceae;"Bacteria; Firmicutes; Clostridia; Clostridiales; Ruminococcaceae; ?"
OTU_272;0;0;0;0;0;0;0;0;Ruminococcaceae;"Bacteria; Firmicutes; Clostridia; Clostridiales; Ruminococcaceae; ?"
OTU_276;0;0;0;1;1;1;0;0;Ruminococcaceae;"Bacteria; Firmicutes; Clostridia; Clostridiales; Ruminococcaceae; ?"
OTU_278;0;1;0;0;0;0;0;0;Ruminococcaceae;"Bacteria; Firmicutes; Clostridia; Clostridiales; Ruminococcaceae; ?"
OTU_283;0;0;0;0;0;0;0;0;Ruminococcaceae;"Bacteria; Firmicutes; Clostridia; Clostridiales; Ruminococcaceae; ?"
OTU_287;0;0;0;0;0;0;0;0;Ruminococcaceae;"Bacteria; Firmicutes; Clostridia; Clostridiales; Ruminococcaceae; ?"
OTU_297;1;0;0;0;0;2;1;0;Ruminococcaceae;"Bacteria; Firmicutes; Clostridia; Clostridiales; Ruminococcaceae; ?"
OTU_305;0;0;0;0;0;0;0;0;Ruminococcaceae;"Bacteria; Firmicutes; Clostridia; Clostridiales; Ruminococcaceae; ?"
OTU_313;10;5;0;5;14;0;0;1;Ruminococcaceae;"Bacteria; Firmicutes; Clostridia; Clostridiales; Ruminococcaceae; ?"
OTU_321;0;0;0;0;0;0;0;0;Ruminococcaceae;"Bacteria; Firmicutes; Clostridia; Clostridiales; Ruminococcaceae; ?"
OTU_322;22;3;21;61;9;5;9;2;Ruminococcaceae;"Bacteria; Firmicutes; Clostridia; Clostridiales; Ruminococcaceae; ?"
OTU_326;8;22;2;2;5;13;7;1;Ruminococcaceae;"Bacteria; Firmicutes; Clostridia; Clostridiales; Ruminococcaceae; ?"
OTU_329;0;0;0;0;0;0;0;0;Ruminococcaceae;"Bacteria; Firmicutes; Clostridia; Clostridiales; Ruminococcaceae; ?"
OTU_332;2;3;19;0;0;4;1;0;Ruminococcaceae;"Bacteria; Firmicutes; Clostridia; Clostridiales; Ruminococcaceae; ?"
OTU_339;0;0;2;0;0;0;1;0;Ruminococcaceae;"Bacteria; Firmicutes; Clostridia; Clostridiales; Ruminococcaceae; ?"
OTU_350;0;0;0;2;0;0;0;0;Ruminococcaceae;"Bacteria; Firmicutes; Clostridia; Clostridiales; Ruminococcaceae; ?"
OTU_354;0;0;0;0;0;0;0;0;Ruminococcaceae;"Bacteria; Firmicutes; Clostridia; Clostridiales; Ruminococcaceae; ?"
OTU_358;0;1;0;0;0;0;0;0;Ruminococcaceae;"Bacteria; Firmicutes; Clostridia; Clostridiales; Ruminococcaceae; ?"
OTU_362;0;0;0;1;0;0;0;0;Ruminococcaceae;"Bacteria; Firmicutes; Clostridia; Clostridiales; Ruminococcaceae; ?"
OTU_381;0;0;0;1;0;0;0;0;Ruminococcaceae;"Bacteria; Firmicutes; Clostridia; Clostridiales; Ruminococcaceae; ?"
OTU_388;1;0;0;0;1;0;0;0;Ruminococcaceae;"Bacteria; Firmicutes; Clostridia; Clostridiales; Ruminococcaceae; ?"
OTU_394;9;2;2;3;4;1;3;8;Ruminococcaceae;"Bacteria; Firmicutes; Clostridia; Clostridiales; Ruminococcaceae; ?"
OTU_400;0;0;0;0;0;0;1;0;Ruminococcaceae;"Bacteria; Firmicutes; Clostridia; Clostridiales; Ruminococcaceae; ?"
OTU_407;0;0;1;0;0;0;0;0;Ruminococcaceae;"Bacteria; Firmicutes; Clostridia; Clostridiales; Ruminococcaceae; ?"
OTU_422;0;0;0;0;0;0;0;0;Ruminococcaceae;"Bacteria; Firmicutes; Clostridia; Clostridiales; Ruminococcaceae; ?"
OTU_435;0;0;0;0;0;1;2;0;Ruminococcaceae;"Bacteria; Firmicutes; Clostridia; Clostridiales; Ruminococcaceae; ?"
OTU_441;2;0;0;0;0;0;0;0;Ruminococcaceae;"Bacteria; Firmicutes; Clostridia; Clostridiales; Ruminococcaceae; ?"
OTU_455;3;2;3;15;1;2;0;1;Ruminococcaceae;"Bacteria; Firmicutes; Clostridia; Clostridiales; Ruminococcaceae; ?"
OTU_459;1;0;0;0;0;0;0;0;Ruminococcaceae;"Bacteria; Firmicutes; Clostridia; Clostridiales; Ruminococcaceae; ?"
OTU_468;0;0;0;0;0;0;0;0;Ruminococcaceae;"Bacteria; Firmicutes; Clostridia; Clostridiales; Ruminococcaceae; ?"
OTU_469;0;0;0;0;0;2;0;0;Ruminococcaceae;"Bacteria; Firmicutes; Clostridia; Clostridiales; Ruminococcaceae; ?"
OTU_475;0;0;0;0;0;0;0;0;Ruminococcaceae;"Bacteria; Firmicutes; Clostridia; Clostridiales; Ruminococcaceae; ?"
OTU_477;0;0;0;0;0;0;0;0;Ruminococcaceae;"Bacteria; Firmicutes; Clostridia; Clostridiales; Ruminococcaceae; ?"
OTU_507;0;0;1;0;0;0;3;0;Ruminococcaceae;"Bacteria; Firmicutes; Clostridia; Clostridiales; Ruminococcaceae; ?"
OTU_509;2;0;2;7;0;1;1;4;Ruminococcaceae;"Bacteria; Firmicutes; Clostridia; Clostridiales; Ruminococcaceae; ?"
OTU_513;0;0;0;0;0;0;0;0;Ruminococcaceae;"Bacteria; Firmicutes; Clostridia; Clostridiales; Ruminococcaceae; ?"
OTU_517;0;0;0;0;0;1;0;0;Ruminococcaceae;"Bacteria; Firmicutes; Clostridia; Clostridiales; Ruminococcaceae; ?"
OTU_524;0;4;0;0;0;0;0;0;Ruminococcaceae;"Bacteria; Firmicutes; Clostridia; Clostridiales; Ruminococcaceae; ?"
OTU_525;2;3;1;0;0;0;0;0;Ruminococcaceae;"Bacteria; Firmicutes; Clostridia; Clostridiales; Ruminococcaceae; ?"
OTU_529;4;2;4;5;8;0;11;2;Ruminococcaceae;"Bacteria; Firmicutes; Clostridia; Clostridiales; Ruminococcaceae; ?"
OTU_530;3;3;6;3;1;1;4;1;Ruminococcaceae;"Bacteria; Firmicutes; Clostridia; Clostridiales; Ruminococcaceae; ?"
OTU_533;6;0;58;8;1;12;0;7;Ruminococcaceae;"Bacteria; Firmicutes; Clostridia; Clostridiales; Ruminococcaceae; ?"
OTU_542;0;0;3;1;0;3;2;0;Ruminococcaceae;"Bacteria; Firmicutes; Clostridia; Clostridiales; Ruminococcaceae; ?"
OTU_545;0;0;5;0;0;2;0;0;Ruminococcaceae;"Bacteria; Firmicutes; Clostridia; Clostridiales; Ruminococcaceae; ?"
OTU_550;0;0;2;0;0;0;0;0;Ruminococcaceae;"Bacteria; Firmicutes; Clostridia; Clostridiales; Ruminococcaceae; ?"
OTU_551;0;0;3;1;0;1;0;0;Ruminococcaceae;"Bacteria; Firmicutes; Clostridia; Clostridiales; Ruminococcaceae; ?"
OTU_558;0;0;4;0;0;0;0;0;Ruminococcaceae;"Bacteria; Firmicutes; Clostridia; Clostridiales; Ruminococcaceae; ?"
OTU_561;0;0;5;0;0;2;0;0;Ruminococcaceae;"Bacteria; Firmicutes; Clostridia; Clostridiales; Ruminococcaceae; ?"
OTU_564;2;0;13;4;0;3;1;3;Ruminococcaceae;"Bacteria; Firmicutes; Clostridia; Clostridiales; Ruminococcaceae; ?"
OTU_567;0;0;0;0;0;0;0;0;Ruminococcaceae;"Bacteria; Firmicutes; Clostridia; Clostridiales; Ruminococcaceae; ?"
OTU_568;0;0;0;0;0;0;0;0;Ruminococcaceae;"Bacteria; Firmicutes; Clostridia; Clostridiales; Ruminococcaceae; ?"
OTU_572;0;0;3;0;0;2;0;0;Ruminococcaceae;"Bacteria; Firmicutes; Clostridia; Clostridiales; Ruminococcaceae; ?"
OTU_574;7;3;2;1;1;0;3;5;Ruminococcaceae;"Bacteria; Firmicutes; Clostridia; Clostridiales; Ruminococcaceae; ?"
OTU_582;0;0;0;0;1;0;0;0;Ruminococcaceae;"Bacteria; Firmicutes; Clostridia; Clostridiales; Ruminococcaceae; ?"
OTU_584;0;0;1;2;0;0;0;0;Ruminococcaceae;"Bacteria; Firmicutes; Clostridia; Clostridiales; Ruminococcaceae; ?"
OTU_590;0;3;0;0;0;0;0;0;Ruminococcaceae;"Bacteria; Firmicutes; Clostridia; Clostridiales; Ruminococcaceae; ?"
OTU_604;13;31;24;47;7;3;5;15;Ruminococcaceae;"Bacteria; Firmicutes; Clostridia; Clostridiales; Ruminococcaceae; ?"
OTU_609;0;0;0;0;0;0;0;0;Ruminococcaceae;"Bacteria; Firmicutes; Clostridia; Clostridiales; Ruminococcaceae; ?"
OTU_618;0;0;0;0;0;0;2;0;Ruminococcaceae;"Bacteria; Firmicutes; Clostridia; Clostridiales; Ruminococcaceae; ?"
OTU_622;0;0;1;0;0;0;3;0;Ruminococcaceae;"Bacteria; Firmicutes; Clostridia; Clostridiales; Ruminococcaceae; ?"
OTU_627;1;0;1;1;0;0;0;0;Ruminococcaceae;"Bacteria; Firmicutes; Clostridia; Clostridiales; Ruminococcaceae; ?"
OTU_630;0;0;6;1;1;0;0;3;Ruminococcaceae;"Bacteria; Firmicutes; Clostridia; Clostridiales; Ruminococcaceae; ?"
OTU_631;0;0;0;0;0;0;0;0;Ruminococcaceae;"Bacteria; Firmicutes; Clostridia; Clostridiales; Ruminococcaceae; ?"
OTU_652;0;0;1;0;0;0;1;0;Ruminococcaceae;"Bacteria; Firmicutes; Clostridia; Clostridiales; Ruminococcaceae; ?"
OTU_656;10;5;0;10;13;0;0;4;Ruminococcaceae;"Bacteria; Firmicutes; Clostridia; Clostridiales; Ruminococcaceae; ?"
OTU_666;0;0;0;1;0;0;0;0;Ruminococcaceae;"Bacteria; Firmicutes; Clostridia; Clostridiales; Ruminococcaceae; ?"
OTU_672;0;0;0;0;0;0;2;0;Ruminococcaceae;"Bacteria; Firmicutes; Clostridia; Clostridiales; Ruminococcaceae; ?"
OTU_674;1;0;0;0;1;0;1;0;Ruminococcaceae;"Bacteria; Firmicutes; Clostridia; Clostridiales; Ruminococcaceae; ?"
OTU_678;0;0;0;0;0;0;2;0;Ruminococcaceae;"Bacteria; Firmicutes; Clostridia; Clostridiales; Ruminococcaceae; ?"
OTU_691;0;0;0;0;0;0;0;0;Ruminococcaceae;"Bacteria; Firmicutes; Clostridia; Clostridiales; Ruminococcaceae; ?"
OTU_693;0;0;1;0;0;0;0;0;Ruminococcaceae;"Bacteria; Firmicutes; Clostridia; Clostridiales; Ruminococcaceae; ?"
OTU_694;0;0;1;0;0;3;0;0;Ruminococcaceae;"Bacteria; Firmicutes; Clostridia; Clostridiales; Ruminococcaceae; ?"
OTU_699;0;0;0;1;0;0;0;0;Ruminococcaceae;"Bacteria; Firmicutes; Clostridia; Clostridiales; Ruminococcaceae; ?"
OTU_702;0;0;0;1;0;0;0;0;Ruminococcaceae;"Bacteria; Firmicutes; Clostridia; Clostridiales; Ruminococcaceae; ?"
OTU_706;0;0;0;0;0;1;0;0;Ruminococcaceae;"Bacteria; Firmicutes; Clostridia; Clostridiales; Ruminococcaceae; ?"
OTU_709;0;1;2;0;0;0;0;1;Ruminococcaceae;"Bacteria; Firmicutes; Clostridia; Clostridiales; Ruminococcaceae; ?"
OTU_710;0;0;0;0;0;0;0;0;Ruminococcaceae;"Bacteria; Firmicutes; Clostridia; Clostridiales; Ruminococcaceae; ?"
OTU_713;0;1;0;0;0;0;0;0;Ruminococcaceae;"Bacteria; Firmicutes; Clostridia; Clostridiales; Ruminococcaceae; ?"
OTU_716;0;0;4;7;0;0;1;1;Ruminococcaceae;"Bacteria; Firmicutes; Clostridia; Clostridiales; Ruminococcaceae; ?"
OTU_718;0;0;10;0;0;2;0;0;Ruminococcaceae;"Bacteria; Firmicutes; Clostridia; Clostridiales; Ruminococcaceae; ?"
OTU_725;0;0;0;0;0;0;0;0;Ruminococcaceae;"Bacteria; Firmicutes; Clostridia; Clostridiales; Ruminococcaceae; ?"
OTU_727;6;1;6;9;5;0;5;15;Ruminococcaceae;"Bacteria; Firmicutes; Clostridia; Clostridiales; Ruminococcaceae; ?"
OTU_729;20;4;6;29;0;25;6;37;Ruminococcaceae;"Bacteria; Firmicutes; Clostridia; Clostridiales; Ruminococcaceae; ?"
OTU_734;0;0;1;1;0;0;0;0;Ruminococcaceae;"Bacteria; Firmicutes; Clostridia; Clostridiales; Ruminococcaceae; ?"
OTU_738;1;0;0;2;0;3;2;2;Ruminococcaceae;"Bacteria; Firmicutes; Clostridia; Clostridiales; Ruminococcaceae; ?"
OTU_746;1;0;3;1;1;1;1;1;Ruminococcaceae;"Bacteria; Firmicutes; Clostridia; Clostridiales; Ruminococcaceae; ?"
OTU_753;0;0;0;0;0;0;0;0;Ruminococcaceae;"Bacteria; Firmicutes; Clostridia; Clostridiales; Ruminococcaceae; ?"
OTU_763;0;0;0;0;0;0;0;0;Ruminococcaceae;"Bacteria; Firmicutes; Clostridia; Clostridiales; Ruminococcaceae; ?"
OTU_771;1;0;0;0;5;0;1;0;Ruminococcaceae;"Bacteria; Firmicutes; Clostridia; Clostridiales; Ruminococcaceae; ?"
OTU_791;1;0;0;0;0;0;0;0;Ruminococcaceae;"Bacteria; Firmicutes; Clostridia; Clostridiales; Ruminococcaceae; ?"
OTU_795;0;0;0;0;0;0;0;1;Ruminococcaceae;"Bacteria; Firmicutes; Clostridia; Clostridiales; Ruminococcaceae; ?"
OTU_797;0;2;0;0;0;0;0;0;Ruminococcaceae;"Bacteria; Firmicutes; Clostridia; Clostridiales; Ruminococcaceae; ?"
OTU_804;0;0;0;0;0;0;0;0;Ruminococcaceae;"Bacteria; Firmicutes; Clostridia; Clostridiales; Ruminococcaceae; ?"
OTU_816;2;1;0;0;0;0;0;3;Ruminococcaceae;"Bacteria; Firmicutes; Clostridia; Clostridiales; Ruminococcaceae; ?"
OTU_817;0;0;0;0;0;0;0;0;Ruminococcaceae;"Bacteria; Firmicutes; Clostridia; Clostridiales; Ruminococcaceae; ?"
OTU_819;0;0;0;0;0;0;0;0;Ruminococcaceae;"Bacteria; Firmicutes; Clostridia; Clostridiales; Ruminococcaceae; ?"
OTU_824;0;0;0;0;0;0;0;0;Ruminococcaceae;"Bacteria; Firmicutes; Clostridia; Clostridiales; Ruminococcaceae; ?"
OTU_825;0;0;87;0;0;6;3;0;Ruminococcaceae;"Bacteria; Firmicutes; Clostridia; Clostridiales; Ruminococcaceae; ?"
OTU_836;0;0;0;0;1;0;0;0;Ruminococcaceae;"Bacteria; Firmicutes; Clostridia; Clostridiales; Ruminococcaceae; ?"
OTU_838;1;1;0;0;0;0;0;0;Ruminococcaceae;"Bacteria; Firmicutes; Clostridia; Clostridiales; Ruminococcaceae; ?"
OTU_218;0;0;0;0;0;1;0;0;Ruminococcaceae;"Bacteria; Firmicutes; Clostridia; Clostridiales; Ruminococcaceae; Acetanaerobacterium"
OTU_147;0;0;0;0;0;1;0;0;Ruminococcaceae;"Bacteria; Firmicutes; Clostridia; Clostridiales; Ruminococcaceae; Anaerofilum"
OTU_499;0;0;0;1;0;0;1;0;Ruminococcaceae;"Bacteria; Firmicutes; Clostridia; Clostridiales; Ruminococcaceae; Anaerotruncus"
OTU_607;0;0;0;0;0;0;0;0;Ruminococcaceae;"Bacteria; Firmicutes; Clostridia; Clostridiales; Ruminococcaceae; Anaerotruncus"
OTU_719;0;0;0;0;0;1;0;2;Ruminococcaceae;"Bacteria; Firmicutes; Clostridia; Clostridiales; Ruminococcaceae; Anaerotruncus"
OTU_47;9;6;2;18;6;0;1;7;Ruminococcaceae;"Bacteria; Firmicutes; Clostridia; Clostridiales; Ruminococcaceae; Butyricicoccus"
OTU_149;0;0;0;0;0;0;0;0;Ruminococcaceae;"Bacteria; Firmicutes; Clostridia; Clostridiales; Ruminococcaceae; Butyricicoccus"
OTU_623;2;0;1;7;6;1;1;2;Ruminococcaceae;"Bacteria; Firmicutes; Clostridia; Clostridiales; Ruminococcaceae; Butyricicoccus"
OTU_11;1;2;0;5;1;0;6;2;Ruminococcaceae;"Bacteria; Firmicutes; Clostridia; Clostridiales; Ruminococcaceae; Clostridium IV"
OTU_54;11;0;4;0;3;1;0;0;Ruminococcaceae;"Bacteria; Firmicutes; Clostridia; Clostridiales; Ruminococcaceae; Clostridium IV"
OTU_73;2;0;2;0;3;1;0;0;Ruminococcaceae;"Bacteria; Firmicutes; Clostridia; Clostridiales; Ruminococcaceae; Clostridium IV"
OTU_83;5;0;4;8;3;2;4;2;Ruminococcaceae;"Bacteria; Firmicutes; Clostridia; Clostridiales; Ruminococcaceae; Clostridium IV"
OTU_116;0;0;0;0;0;0;0;0;Ruminococcaceae;"Bacteria; Firmicutes; Clostridia; Clostridiales; Ruminococcaceae; Clostridium IV"
OTU_125;3;0;0;0;1;0;0;4;Ruminococcaceae;"Bacteria; Firmicutes; Clostridia; Clostridiales; Ruminococcaceae; Clostridium IV"
OTU_175;0;0;0;0;0;0;0;0;Ruminococcaceae;"Bacteria; Firmicutes; Clostridia; Clostridiales; Ruminococcaceae; Clostridium IV"
OTU_181;0;0;1;92;0;0;30;133;Ruminococcaceae;"Bacteria; Firmicutes; Clostridia; Clostridiales; Ruminococcaceae; Clostridium IV"
OTU_281;0;0;103;0;0;22;0;0;Ruminococcaceae;"Bacteria; Firmicutes; Clostridia; Clostridiales; Ruminococcaceae; Clostridium IV"
OTU_384;0;0;0;2;1;0;0;0;Ruminococcaceae;"Bacteria; Firmicutes; Clostridia; Clostridiales; Ruminococcaceae; Clostridium IV"
OTU_439;0;0;0;0;0;0;0;0;Ruminococcaceae;"Bacteria; Firmicutes; Clostridia; Clostridiales; Ruminococcaceae; Clostridium IV"
OTU_447;3;0;0;0;0;0;0;0;Ruminococcaceae;"Bacteria; Firmicutes; Clostridia; Clostridiales; Ruminococcaceae; Clostridium IV"
OTU_516;0;0;131;0;0;11;0;0;Ruminococcaceae;"Bacteria; Firmicutes; Clostridia; Clostridiales; Ruminococcaceae; Clostridium IV"
OTU_563;0;0;145;24;0;42;1;13;Ruminococcaceae;"Bacteria; Firmicutes; Clostridia; Clostridiales; Ruminococcaceae; Clostridium IV"
OTU_601;0;1;0;5;0;0;1;1;Ruminococcaceae;"Bacteria; Firmicutes; Clostridia; Clostridiales; Ruminococcaceae; Clostridium IV"
OTU_620;1;0;0;0;1;0;0;0;Ruminococcaceae;"Bacteria; Firmicutes; Clostridia; Clostridiales; Ruminococcaceae; Clostridium IV"
OTU_648;0;0;1;2;2;0;0;0;Ruminococcaceae;"Bacteria; Firmicutes; Clostridia; Clostridiales; Ruminococcaceae; Clostridium IV"
OTU_768;0;0;0;0;0;0;0;0;Ruminococcaceae;"Bacteria; Firmicutes; Clostridia; Clostridiales; Ruminococcaceae; Clostridium IV"
OTU_811;0;0;0;5;0;0;0;2;Ruminococcaceae;"Bacteria; Firmicutes; Clostridia; Clostridiales; Ruminococcaceae; Clostridium IV"
OTU_4;114;99;94;276;9;34;45;38;Ruminococcaceae;"Bacteria; Firmicutes; Clostridia; Clostridiales; Ruminococcaceae; Faecalibacterium"
OTU_19;361;86;78;351;18;17;68;268;Ruminococcaceae;"Bacteria; Firmicutes; Clostridia; Clostridiales; Ruminococcaceae; Faecalibacterium"
OTU_39;517;307;234;387;71;53;71;139;Ruminococcaceae;"Bacteria; Firmicutes; Clostridia; Clostridiales; Ruminococcaceae; Faecalibacterium"
OTU_71;122;43;48;231;121;4;174;120;Ruminococcaceae;"Bacteria; Firmicutes; Clostridia; Clostridiales; Ruminococcaceae; Faecalibacterium"
OTU_87;1;1;2;4;0;0;5;0;Ruminococcaceae;"Bacteria; Firmicutes; Clostridia; Clostridiales; Ruminococcaceae; Faecalibacterium"
OTU_168;5;0;1;0;1;0;1;0;Ruminococcaceae;"Bacteria; Firmicutes; Clostridia; Clostridiales; Ruminococcaceae; Faecalibacterium"
OTU_247;90;105;149;115;7;17;61;24;Ruminococcaceae;"Bacteria; Firmicutes; Clostridia; Clostridiales; Ruminococcaceae; Faecalibacterium"
OTU_306;79;29;31;79;77;2;66;53;Ruminococcaceae;"Bacteria; Firmicutes; Clostridia; Clostridiales; Ruminococcaceae; Faecalibacterium"
OTU_355;12;5;1;3;3;0;4;0;Ruminococcaceae;"Bacteria; Firmicutes; Clostridia; Clostridiales; Ruminococcaceae; Faecalibacterium"
OTU_438;15;14;17;35;13;4;37;14;Ruminococcaceae;"Bacteria; Firmicutes; Clostridia; Clostridiales; Ruminococcaceae; Faecalibacterium"
OTU_473;1;0;0;0;5;0;2;0;Ruminococcaceae;"Bacteria; Firmicutes; Clostridia; Clostridiales; Ruminococcaceae; Faecalibacterium"
OTU_479;3;3;3;1;0;0;5;0;Ruminococcaceae;"Bacteria; Firmicutes; Clostridia; Clostridiales; Ruminococcaceae; Faecalibacterium"
OTU_503;0;0;4;0;0;1;6;0;Ruminococcaceae;"Bacteria; Firmicutes; Clostridia; Clostridiales; Ruminococcaceae; Faecalibacterium"
OTU_523;0;2;2;0;0;0;0;0;Ruminococcaceae;"Bacteria; Firmicutes; Clostridia; Clostridiales; Ruminococcaceae; Faecalibacterium"
OTU_546;0;0;3;0;0;1;2;0;Ruminococcaceae;"Bacteria; Firmicutes; Clostridia; Clostridiales; Ruminococcaceae; Faecalibacterium"
OTU_552;14;119;40;137;14;7;39;73;Ruminococcaceae;"Bacteria; Firmicutes; Clostridia; Clostridiales; Ruminococcaceae; Faecalibacterium"
OTU_585;1;0;0;0;1;0;0;0;Ruminococcaceae;"Bacteria; Firmicutes; Clostridia; Clostridiales; Ruminococcaceae; Faecalibacterium"
OTU_591;5;2;1;4;1;0;1;3;Ruminococcaceae;"Bacteria; Firmicutes; Clostridia; Clostridiales; Ruminococcaceae; Faecalibacterium"
OTU_598;0;0;12;5;0;2;0;4;Ruminococcaceae;"Bacteria; Firmicutes; Clostridia; Clostridiales; Ruminococcaceae; Faecalibacterium"
OTU_599;74;34;25;52;24;5;81;33;Ruminococcaceae;"Bacteria; Firmicutes; Clostridia; Clostridiales; Ruminococcaceae; Faecalibacterium"
OTU_632;0;0;0;0;0;0;2;0;Ruminococcaceae;"Bacteria; Firmicutes; Clostridia; Clostridiales; Ruminococcaceae; Faecalibacterium"
OTU_651;0;0;0;0;0;0;0;0;Ruminococcaceae;"Bacteria; Firmicutes; Clostridia; Clostridiales; Ruminococcaceae; Faecalibacterium"
OTU_654;2;0;0;2;2;0;1;1;Ruminococcaceae;"Bacteria; Firmicutes; Clostridia; Clostridiales; Ruminococcaceae; Faecalibacterium"
OTU_655;0;0;0;0;0;0;0;0;Ruminococcaceae;"Bacteria; Firmicutes; Clostridia; Clostridiales; Ruminococcaceae; Faecalibacterium"
OTU_670;0;0;0;2;0;1;1;0;Ruminococcaceae;"Bacteria; Firmicutes; Clostridia; Clostridiales; Ruminococcaceae; Faecalibacterium"
OTU_671;0;0;0;0;0;0;0;0;Ruminococcaceae;"Bacteria; Firmicutes; Clostridia; Clostridiales; Ruminococcaceae; Faecalibacterium"
OTU_681;6;22;14;8;0;1;3;5;Ruminococcaceae;"Bacteria; Firmicutes; Clostridia; Clostridiales; Ruminococcaceae; Faecalibacterium"
OTU_27;3;3;8;1;2;1;0;3;Ruminococcaceae;"Bacteria; Firmicutes; Clostridia; Clostridiales; Ruminococcaceae; Flavonifractor"
OTU_93;1;1;1;0;2;0;0;0;Ruminococcaceae;"Bacteria; Firmicutes; Clostridia; Clostridiales; Ruminococcaceae; Flavonifractor"
OTU_99;1;1;1;3;4;0;0;6;Ruminococcaceae;"Bacteria; Firmicutes; Clostridia; Clostridiales; Ruminococcaceae; Flavonifractor"
OTU_642;3;0;0;2;0;0;0;2;Ruminococcaceae;"Bacteria; Firmicutes; Clostridia; Clostridiales; Ruminococcaceae; Flavonifractor"
OTU_766;0;0;4;0;1;0;1;0;Ruminococcaceae;"Bacteria; Firmicutes; Clostridia; Clostridiales; Ruminococcaceae; Flavonifractor"
OTU_767;1;0;0;1;0;0;0;0;Ruminococcaceae;"Bacteria; Firmicutes; Clostridia; Clostridiales; Ruminococcaceae; Flavonifractor"
OTU_61;81;124;180;305;49;25;83;214;Ruminococcaceae;"Bacteria; Firmicutes; Clostridia; Clostridiales; Ruminococcaceae; Gemmiger"
OTU_2;7;2;1;3;9;2;4;9;Ruminococcaceae;"Bacteria; Firmicutes; Clostridia; Clostridiales; Ruminococcaceae; Oscillibacter"
OTU_18;0;0;1;0;0;0;0;1;Ruminococcaceae;"Bacteria; Firmicutes; Clostridia; Clostridiales; Ruminococcaceae; Oscillibacter"
OTU_157;4;14;4;7;4;3;3;1;Ruminococcaceae;"Bacteria; Firmicutes; Clostridia; Clostridiales; Ruminococcaceae; Oscillibacter"
OTU_206;0;0;0;1;0;0;0;6;Ruminococcaceae;"Bacteria; Firmicutes; Clostridia; Clostridiales; Ruminococcaceae; Oscillibacter"
OTU_260;0;0;0;0;0;0;0;0;Ruminococcaceae;"Bacteria; Firmicutes; Clostridia; Clostridiales; Ruminococcaceae; Oscillibacter"
OTU_319;0;0;1;4;0;0;0;3;Ruminococcaceae;"Bacteria; Firmicutes; Clostridia; Clostridiales; Ruminococcaceae; Oscillibacter"
OTU_380;0;0;1;1;1;0;1;1;Ruminococcaceae;"Bacteria; Firmicutes; Clostridia; Clostridiales; Ruminococcaceae; Oscillibacter"
OTU_483;0;0;0;8;0;0;1;3;Ruminococcaceae;"Bacteria; Firmicutes; Clostridia; Clostridiales; Ruminococcaceae; Oscillibacter"
OTU_640;1;3;7;9;4;5;5;18;Ruminococcaceae;"Bacteria; Firmicutes; Clostridia; Clostridiales; Ruminococcaceae; Oscillibacter"
OTU_643;0;0;0;0;0;0;0;0;Ruminococcaceae;"Bacteria; Firmicutes; Clostridia; Clostridiales; Ruminococcaceae; Oscillibacter"
OTU_679;0;0;0;0;0;0;1;0;Ruminococcaceae;"Bacteria; Firmicutes; Clostridia; Clostridiales; Ruminococcaceae; Oscillibacter"
OTU_32;107;59;34;40;69;0;44;26;Ruminococcaceae;"Bacteria; Firmicutes; Clostridia; Clostridiales; Ruminococcaceae; Ruminococcus"
OTU_62;0;0;0;1;0;0;0;0;Ruminococcaceae;"Bacteria; Firmicutes; Clostridia; Clostridiales; Ruminococcaceae; Ruminococcus"
OTU_123;34;19;1;18;14;0;3;20;Ruminococcaceae;"Bacteria; Firmicutes; Clostridia; Clostridiales; Ruminococcaceae; Ruminococcus"
OTU_191;0;0;0;0;0;29;0;0;Ruminococcaceae;"Bacteria; Firmicutes; Clostridia; Clostridiales; Ruminococcaceae; Ruminococcus"
OTU_192;0;0;0;0;0;1;0;0;Ruminococcaceae;"Bacteria; Firmicutes; Clostridia; Clostridiales; Ruminococcaceae; Ruminococcus"
OTU_193;189;250;1;35;169;0;0;41;Ruminococcaceae;"Bacteria; Firmicutes; Clostridia; Clostridiales; Ruminococcaceae; Ruminococcus"
OTU_239;292;76;49;21;34;6;6;2;Ruminococcaceae;"Bacteria; Firmicutes; Clostridia; Clostridiales; Ruminococcaceae; Ruminococcus"
OTU_271;0;0;0;0;0;0;0;11;Ruminococcaceae;"Bacteria; Firmicutes; Clostridia; Clostridiales; Ruminococcaceae; Ruminococcus"
OTU_300;0;0;26;0;0;3;0;1;Ruminococcaceae;"Bacteria; Firmicutes; Clostridia; Clostridiales; Ruminococcaceae; Ruminococcus"
OTU_402;0;0;0;0;0;0;0;0;Ruminococcaceae;"Bacteria; Firmicutes; Clostridia; Clostridiales; Ruminococcaceae; Ruminococcus"
OTU_472;1;8;0;0;0;0;0;0;Ruminococcaceae;"Bacteria; Firmicutes; Clostridia; Clostridiales; Ruminococcaceae; Ruminococcus"
OTU_569;0;0;0;0;0;0;0;0;Ruminococcaceae;"Bacteria; Firmicutes; Clostridia; Clostridiales; Ruminococcaceae; Ruminococcus"
OTU_606;0;0;0;0;0;0;0;0;Ruminococcaceae;"Bacteria; Firmicutes; Clostridia; Clostridiales; Ruminococcaceae; Ruminococcus"
OTU_739;0;0;10;4;1;0;1;0;Ruminococcaceae;"Bacteria; Firmicutes; Clostridia; Clostridiales; Ruminococcaceae; Ruminococcus"
OTU_774;0;0;0;0;2;0;0;1;Ruminococcaceae;"Bacteria; Firmicutes; Clostridia; Clostridiales; Ruminococcaceae; Ruminococcus"
OTU_818;0;0;1;0;0;0;0;0;Ruminococcaceae;"Bacteria; Firmicutes; Clostridia; Clostridiales; Ruminococcaceae; Ruminococcus"
OTU_831;4;2;0;5;1;0;2;5;Ruminococcaceae;"Bacteria; Firmicutes; Clostridia; Clostridiales; Ruminococcaceae; Ruminococcus"
OTU_393;1;0;0;0;0;0;0;0;Ruminococcaceae;"Bacteria; Firmicutes; Clostridia; Clostridiales; Ruminococcaceae; Sporobacter"
OTU_134;1;0;0;0;0;0;2;0;O_Firmicutes;"Bacteria; Firmicutes; Erysipelotrichia; Erysipelotrichales; Erysipelotrichaceae; ?"
OTU_579;0;0;0;0;0;0;0;0;O_Firmicutes;"Bacteria; Firmicutes; Erysipelotrichia; Erysipelotrichales; Erysipelotrichaceae; ?"
OTU_619;0;0;0;0;0;0;0;0;O_Firmicutes;"Bacteria; Firmicutes; Erysipelotrichia; Erysipelotrichales; Erysipelotrichaceae; ?"
OTU_124;0;0;0;0;0;0;0;0;O_Firmicutes;"Bacteria; Firmicutes; Erysipelotrichia; Erysipelotrichales; Erysipelotrichaceae; Clostridium XVIII"
OTU_240;1;11;5;5;2;2;2;1;O_Firmicutes;"Bacteria; Firmicutes; Erysipelotrichia; Erysipelotrichales; Erysipelotrichaceae; Clostridium XVIII"
OTU_611;0;0;0;0;0;0;0;0;O_Firmicutes;"Bacteria; Firmicutes; Erysipelotrichia; Erysipelotrichales; Erysipelotrichaceae; Clostridium XVIII"
OTU_296;0;0;11;0;0;1;0;0;O_Firmicutes;"Bacteria; Firmicutes; Erysipelotrichia; Erysipelotrichales; Erysipelotrichaceae; Erysipelotrichaceae_incertae_sedis"
OTU_845;0;0;0;0;0;0;0;0;O_Firmicutes;"Bacteria; Firmicutes; Erysipelotrichia; Erysipelotrichales; Erysipelotrichaceae; Erysipelotrichaceae_incertae_sedis"
OTU_633;0;0;0;0;0;0;0;0;O_Firmicutes;"Bacteria; Firmicutes; Erysipelotrichia; Erysipelotrichales; Erysipelotrichaceae; Holdemania"
OTU_90;1;0;4;17;1;0;0;0;O_Firmicutes;"Bacteria; Firmicutes; Erysipelotrichia; Erysipelotrichales; Erysipelotrichaceae; Turicibacter"
OTU_667;0;1;2;2;0;0;0;0;O_Firmicutes;"Bacteria; Firmicutes; Erysipelotrichia; Erysipelotrichales; Erysipelotrichaceae; Turicibacter"
OTU_424;0;0;0;3;0;0;0;8;O_Firmicutes;"Bacteria; Firmicutes; Negativicutes; Selenomonadales; Acidaminococcaceae; ?"
OTU_23;5;0;0;0;19;0;0;0;O_Firmicutes;"Bacteria; Firmicutes; Negativicutes; Selenomonadales; Acidaminococcaceae; Acidaminococcus"
OTU_420;0;0;0;7;0;0;0;2;O_Firmicutes;"Bacteria; Firmicutes; Negativicutes; Selenomonadales; Acidaminococcaceae; Acidaminococcus"
OTU_214;0;0;5;0;0;3;0;0;O_Firmicutes;"Bacteria; Firmicutes; Negativicutes; Selenomonadales; Acidaminococcaceae; Phascolarctobacterium"
OTU_526;0;6;0;0;0;0;0;0;O_Firmicutes;"Bacteria; Firmicutes; Negativicutes; Selenomonadales; Acidaminococcaceae; Phascolarctobacterium"
OTU_427;0;0;0;8;0;0;0;2;O_Firmicutes;"Bacteria; Firmicutes; Negativicutes; Selenomonadales; Acidaminococcaceae; Succiniclasticum"
OTU_511;0;0;0;0;0;0;0;0;O_Firmicutes;"Bacteria; Firmicutes; Negativicutes; Selenomonadales; Acidaminococcaceae; Succiniclasticum"
OTU_53;34;0;0;0;48;0;0;0;O_Firmicutes;"Bacteria; Firmicutes; Negativicutes; Selenomonadales; Veillonellaceae; Dialister"
OTU_242;0;0;29;0;0;4;6;0;O_Firmicutes;"Bacteria; Firmicutes; Negativicutes; Selenomonadales; Veillonellaceae; Dialister"
OTU_375;0;0;5;0;0;0;2;0;O_Firmicutes;"Bacteria; Firmicutes; Negativicutes; Selenomonadales; Veillonellaceae; Dialister"
OTU_390;0;0;0;0;0;0;0;0;O_Firmicutes;"Bacteria; Firmicutes; Negativicutes; Selenomonadales; Veillonellaceae; Megamonas"
OTU_587;0;0;0;0;0;0;0;0;O_Firmicutes;"Bacteria; Firmicutes; Negativicutes; Selenomonadales; Veillonellaceae; Megamonas"
OTU_617;0;0;0;0;0;0;0;0;O_Firmicutes;"Bacteria; Firmicutes; Negativicutes; Selenomonadales; Veillonellaceae; Megasphaera"
OTU_324;0;0;0;0;0;0;0;0;O_Firmicutes;"Bacteria; Firmicutes; Negativicutes; Selenomonadales; Veillonellaceae; Mitsuokella"
OTU_347;0;0;0;0;0;0;0;0;O_Firmicutes;"Bacteria; Firmicutes; Negativicutes; Selenomonadales; Veillonellaceae; Mitsuokella"
OTU_76;0;0;0;1;0;0;0;0;O_Firmicutes;"Bacteria; Firmicutes; Negativicutes; Selenomonadales; Veillonellaceae; Veillonella"
OTU_850;0;0;0;0;1;0;0;0;O_Bacteria;"Bacteria; Fusobacteria; Fusobacteria; Fusobacteriales; Fusobacteriaceae; Fusobacterium"
OTU_495;0;0;0;0;0;0;37;0;O_Proteobacteria;"Bacteria; Proteobacteria; Alphaproteobacteria; ?; ?; ?"
OTU_664;0;0;3;0;0;1;0;0;O_Proteobacteria;"Bacteria; Proteobacteria; Alphaproteobacteria; ?; ?; ?"
OTU_13;5;50;53;59;8;10;6;44;O_Proteobacteria;"Bacteria; Proteobacteria; Alphaproteobacteria; Rhizobiales; Hyphomicrobiaceae; Gemmiger"
OTU_84;1;0;1;0;1;0;0;0;O_Proteobacteria;"Bacteria; Proteobacteria; Alphaproteobacteria; Rhizobiales; Hyphomicrobiaceae; Gemmiger"
OTU_348;0;0;0;0;0;0;0;0;O_Proteobacteria;"Bacteria; Proteobacteria; Alphaproteobacteria; Rhizobiales; Hyphomicrobiaceae; Gemmiger"
OTU_368;13;19;27;75;16;2;35;51;O_Proteobacteria;"Bacteria; Proteobacteria; Alphaproteobacteria; Rhizobiales; Hyphomicrobiaceae; Gemmiger"
OTU_834;17;0;7;5;2;2;38;10;O_Proteobacteria;"Bacteria; Proteobacteria; Alphaproteobacteria; Rhizobiales; Hyphomicrobiaceae; Gemmiger"
OTU_434;0;0;0;0;0;0;0;0;O_Proteobacteria;"Bacteria; Proteobacteria; Alphaproteobacteria; Sphingomonadales; Sphingomonadaceae; Sphingomonas"
OTU_757;0;0;0;1;0;0;0;2;O_Proteobacteria;"Bacteria; Proteobacteria; Betaproteobacteria; Burkholderiales; ?; ?"
OTU_752;0;0;0;0;0;0;0;0;O_Proteobacteria;"Bacteria; Proteobacteria; Betaproteobacteria; Burkholderiales; Oxalobacteraceae; ?"
OTU_742;0;0;0;0;0;0;0;0;O_Proteobacteria;"Bacteria; Proteobacteria; Betaproteobacteria; Burkholderiales; Oxalobacteraceae; Undibacterium"
OTU_7;21;33;6;2;84;2;0;0;O_Proteobacteria;"Bacteria; Proteobacteria; Betaproteobacteria; Burkholderiales; Sutterellaceae; Parasutterella"
OTU_229;6;3;0;3;8;3;0;1;O_Proteobacteria;"Bacteria; Proteobacteria; Betaproteobacteria; Burkholderiales; Sutterellaceae; Parasutterella"
OTU_593;0;0;0;0;0;0;0;0;O_Proteobacteria;"Bacteria; Proteobacteria; Betaproteobacteria; Burkholderiales; Sutterellaceae; Parasutterella"
OTU_787;2;2;0;0;4;0;0;0;O_Proteobacteria;"Bacteria; Proteobacteria; Betaproteobacteria; Burkholderiales; Sutterellaceae; Parasutterella"
OTU_212;0;0;0;54;0;0;12;14;O_Proteobacteria;"Bacteria; Proteobacteria; Betaproteobacteria; Burkholderiales; Sutterellaceae; Sutterella"
OTU_364;0;0;0;0;0;0;0;0;O_Proteobacteria;"Bacteria; Proteobacteria; Betaproteobacteria; Burkholderiales; Sutterellaceae; Sutterella"
OTU_756;1;0;0;0;2;0;0;0;O_Proteobacteria;"Bacteria; Proteobacteria; Deltaproteobacteria; Desulfovibrionales; ?; ?"
OTU_436;0;1;2;0;0;0;0;2;O_Proteobacteria;"Bacteria; Proteobacteria; Deltaproteobacteria; Desulfovibrionales; Desulfovibrionaceae; ?"
OTU_512;0;0;55;51;0;11;0;34;O_Proteobacteria;"Bacteria; Proteobacteria; Deltaproteobacteria; Desulfovibrionales; Desulfovibrionaceae; ?"
OTU_382;5;4;8;9;6;2;5;6;O_Proteobacteria;"Bacteria; Proteobacteria; Deltaproteobacteria; Desulfovibrionales; Desulfovibrionaceae; Bilophila"
OTU_152;0;0;1;0;0;0;0;0;O_Proteobacteria;"Bacteria; Proteobacteria; Deltaproteobacteria; Desulfovibrionales; Desulfovibrionaceae; Desulfovibrio"
OTU_840;0;0;0;0;0;0;0;0;O_Proteobacteria;"Bacteria; Proteobacteria; Deltaproteobacteria; Desulfovibrionales; Desulfovibrionaceae; Desulfovibrio"
OTU_761;0;0;0;1;0;0;0;0;O_Proteobacteria;"Bacteria; Proteobacteria; Epsilonproteobacteria; Campylobacterales; Helicobacteraceae; Helicobacter"
OTU_801;0;0;0;2;0;0;0;0;O_Proteobacteria;"Bacteria; Proteobacteria; Epsilonproteobacteria; Campylobacterales; Helicobacteraceae; Helicobacter"
OTU_711;0;0;0;1;1;0;0;1;O_Proteobacteria;"Bacteria; Proteobacteria; Gammaproteobacteria; Enterobacteriales; Enterobacteriaceae; ?"
OTU_765;1;0;0;0;1;0;0;0;O_Proteobacteria;"Bacteria; Proteobacteria; Gammaproteobacteria; Enterobacteriales; Enterobacteriaceae; ?"
OTU_91;8;0;0;1;6;0;0;6;O_Proteobacteria;"Bacteria; Proteobacteria; Gammaproteobacteria; Enterobacteriales; Enterobacteriaceae; Escherichia/Shigella"
OTU_750;0;0;0;0;0;0;0;0;O_Proteobacteria;"Bacteria; Proteobacteria; Gammaproteobacteria; Enterobacteriales; Enterobacteriaceae; Klebsiella"
OTU_8;3;3;4;0;0;0;1;1;O_Proteobacteria;"Bacteria; Proteobacteria; Gammaproteobacteria; Pasteurellales; Pasteurellaceae; Haemophilus"
