;X151f;X126f;X96f;X175f;X79f;X100f;X99f;X163f;manual_tax;NCBI_tax
tax_1;1;0;5;0;1;8;0;2;O_Bacteria;Bacteria
tax_2;1;0;0;0;0;0;0;0;Archaea;"Archaea; Crenarchaeota; Thermoprotei; Desulfurococcales; Pyrodictiaceae; Hyperthermus"
tax_3;0;0;0;0;0;1;0;1;Archaea;"Archaea; Crenarchaeota; Thermoprotei; Sulfolobales; Sulfolobaceae; Sulfolobus"
tax_4;0;1;0;0;0;0;0;0;Archaea;"Archaea; Crenarchaeota; Thermoprotei; Thermoproteales; Thermoproteaceae; Caldivirga"
tax_5;0;0;0;0;1;0;0;1;Archaea;"Archaea; Crenarchaeota; Thermoprotei; Thermoproteales; Thermoproteaceae; Pyrobaculum"
tax_6;0;0;0;0;0;1;0;0;Archaea;"Archaea; Euryarchaeota; Archaeoglobi; Archaeoglobales; Archaeoglobaceae; Ferroglobus"
tax_7;1;0;0;0;0;0;0;0;Archaea;"Archaea; Euryarchaeota; Halobacteria; Halobacteriales; Halobacteriaceae; Natrialba"
tax_8;0;1;0;0;1;0;0;0;Archaea;"Archaea; Euryarchaeota; Halobacteria; Haloferacales; Haloferacaceae; Halorubrum"
tax_9;13;3;28;0;9;146;1;0;Archaea;"Archaea; Euryarchaeota; Methanobacteria; Methanobacteriales; Methanobacteriaceae; Methanobrevibacter"
tax_10;0;1;1;0;0;0;0;0;Archaea;"Archaea; Euryarchaeota; Methanobacteria; Methanobacteriales; Methanobacteriaceae; Methanosphaera"
tax_11;1;1;0;0;0;2;0;0;Archaea;"Archaea; Euryarchaeota; Methanobacteria; Methanobacteriales; Methanobacteriaceae; Methanothermobacter"
tax_12;2;0;0;0;0;2;0;0;Archaea;"Archaea; Euryarchaeota; Methanococci; Methanococcales; Methanocaldococcaceae; Methanocaldococcus"
tax_13;0;0;0;0;0;0;0;1;Archaea;"Archaea; Euryarchaeota; Methanococci; Methanococcales; Methanococcaceae; Methanococcus"
tax_14;0;1;0;0;1;0;0;0;Archaea;"Archaea; Euryarchaeota; Methanomicrobia; Methanomicrobiales; Methanocorpusculaceae; Methanocorpusculum"
tax_15;0;1;0;0;1;0;1;0;Archaea;"Archaea; Euryarchaeota; Methanomicrobia; Methanomicrobiales; Methanoregulaceae; Methanoregula"
tax_16;0;0;0;0;1;0;0;0;Archaea;"Archaea; Euryarchaeota; Methanomicrobia; Methanomicrobiales; Methanoregulaceae; Methanosphaerula"
tax_17;0;0;0;0;0;1;0;0;Archaea;"Archaea; Euryarchaeota; Methanomicrobia; Methanomicrobiales; Methanospirillaceae; Methanospirillum"
tax_18;0;1;0;0;0;0;0;0;Archaea;"Archaea; Euryarchaeota; Methanomicrobia; Methanosarcinales; Methanosaetaceae; Methanosaeta"
tax_19;1;0;0;0;0;5;0;1;Archaea;"Archaea; Euryarchaeota; Methanomicrobia; Methanosarcinales; Methanosarcinaceae; Methanosarcina"
tax_20;0;0;0;0;0;1;0;0;Archaea;"Archaea; Euryarchaeota; Methanopyri; Methanopyrales; Methanopyraceae; Methanopyrus"
tax_21;0;0;0;0;2;0;0;0;Archaea;"Archaea; Euryarchaeota; Thermococci; Thermococcales; Thermococcaceae; Pyrococcus"
tax_22;0;0;2;0;0;2;1;0;Archaea;"Archaea; Euryarchaeota; Thermococci; Thermococcales; Thermococcaceae; Thermococcus"
tax_23;4;5;0;0;0;0;0;0;Archaea;"Archaea; Euryarchaeota; Thermoplasmata; Thermoplasmatales; Thermoplasmataceae; Thermoplasma"
tax_24;0;0;1;0;0;0;0;0;Archaea;"Archaea; Euryarchaeota; environmental samples"
tax_25;1;0;0;0;0;0;0;0;Archaea;"Archaea; Thaumarchaeota; Nitrosopumilales; Nitrosopumilaceae; Nitrosopumilus"
tax_26;0;0;0;0;1;0;0;0;O_Bacteria;"Bacteria; Acidobacteria; Acidobacteriales; Acidobacteriaceae; Acidobacterium"
tax_27;0;0;0;0;2;0;0;0;O_Actinobacteria;"Bacteria; Actinobacteria"
tax_28;1;3;0;1;1;0;0;0;O_Actinobacteria;"Bacteria; Actinobacteria; Actinobacteridae; Actinomycetales; Actinomycineae; Actinomycetaceae; Actinomyces"
tax_29;0;0;0;1;0;0;0;0;O_Actinobacteria;"Bacteria; Actinobacteria; Actinobacteridae; Actinomycetales; Actinomycineae; Actinomycetaceae; Mobiluncus/Falcivibrio group; Mobiluncus"
tax_30;1;1;1;0;1;0;0;0;O_Actinobacteria;"Bacteria; Actinobacteria; Actinobacteridae; Actinomycetales; Catenulisporineae; Catenulisporaceae; Catenulispora"
tax_31;0;3;0;3;2;2;2;5;O_Actinobacteria;"Bacteria; Actinobacteria; Actinobacteridae; Actinomycetales; Corynebacterineae; Corynebacteriaceae; Corynebacterium"
tax_32;0;0;0;0;1;0;0;0;O_Actinobacteria;"Bacteria; Actinobacteria; Actinobacteridae; Actinomycetales; Corynebacterineae; Gordoniaceae; Gordonia"
tax_33;0;1;2;0;0;2;1;0;O_Actinobacteria;"Bacteria; Actinobacteria; Actinobacteridae; Actinomycetales; Corynebacterineae; Mycobacteriaceae; Mycobacterium"
tax_34;4;0;3;0;0;0;5;5;O_Actinobacteria;"Bacteria; Actinobacteria; Actinobacteridae; Actinomycetales; Corynebacterineae; Mycobacteriaceae; Mycobacterium; Mycobacterium avium complex (MAC)"
tax_35;0;0;0;0;0;0;1;0;O_Actinobacteria;"Bacteria; Actinobacteria; Actinobacteridae; Actinomycetales; Corynebacterineae; Mycobacteriaceae; Mycobacterium; Mycobacterium tuberculosis complex"
tax_36;1;0;2;0;0;0;0;0;O_Actinobacteria;"Bacteria; Actinobacteria; Actinobacteridae; Actinomycetales; Corynebacterineae; Nocardiaceae; Nocardia"
tax_37;0;0;0;0;0;2;0;0;O_Actinobacteria;"Bacteria; Actinobacteria; Actinobacteridae; Actinomycetales; Corynebacterineae; Nocardiaceae; Rhodococcus"
tax_38;4;6;1;1;1;0;0;0;O_Actinobacteria;"Bacteria; Actinobacteria; Actinobacteridae; Actinomycetales; Frankineae; Frankiaceae; Frankia"
tax_39;1;0;0;0;0;0;0;0;O_Actinobacteria;"Bacteria; Actinobacteria; Actinobacteridae; Actinomycetales; Frankineae; Geodermatophilaceae; Geodermatophilus"
tax_40;0;0;0;1;0;0;0;0;O_Actinobacteria;"Bacteria; Actinobacteria; Actinobacteridae; Actinomycetales; Frankineae; Nakamurellaceae; Nakamurella"
tax_41;0;0;1;0;0;1;0;0;O_Actinobacteria;"Bacteria; Actinobacteria; Actinobacteridae; Actinomycetales; Glycomycineae; Glycomycetaceae; Stackebrandtia"
tax_42;0;0;0;0;0;0;0;1;O_Actinobacteria;"Bacteria; Actinobacteria; Actinobacteridae; Actinomycetales; Kineosporiineae; Kineosporiaceae; Kineococcus"
tax_43;0;0;0;0;1;0;2;0;O_Actinobacteria;"Bacteria; Actinobacteria; Actinobacteridae; Actinomycetales; Micrococcineae; Beutenbergiaceae; Beutenbergia"
tax_44;0;0;0;1;0;0;0;0;O_Actinobacteria;"Bacteria; Actinobacteria; Actinobacteridae; Actinomycetales; Micrococcineae; Brevibacteriaceae; Brevibacterium"
tax_45;0;0;1;0;1;0;0;0;O_Actinobacteria;"Bacteria; Actinobacteria; Actinobacteridae; Actinomycetales; Micrococcineae; Dermacoccaceae; Kytococcus"
tax_46;0;1;0;0;0;0;0;0;O_Actinobacteria;"Bacteria; Actinobacteria; Actinobacteridae; Actinomycetales; Micrococcineae; Intrasporangiaceae; Janibacter"
tax_47;0;0;0;0;2;0;0;0;O_Actinobacteria;"Bacteria; Actinobacteria; Actinobacteridae; Actinomycetales; Micrococcineae; Jonesiaceae; Jonesia"
tax_48;0;0;0;0;1;0;0;0;O_Actinobacteria;"Bacteria; Actinobacteria; Actinobacteridae; Actinomycetales; Micrococcineae; Microbacteriaceae; Clavibacter"
tax_49;0;0;0;0;2;0;0;0;O_Actinobacteria;"Bacteria; Actinobacteria; Actinobacteridae; Actinomycetales; Micrococcineae; Micrococcaceae; Arthrobacter"
tax_50;0;0;0;0;0;0;1;0;O_Actinobacteria;"Bacteria; Actinobacteria; Actinobacteridae; Actinomycetales; Micrococcineae; Micrococcaceae; Renibacterium"
tax_51;0;0;0;0;1;0;0;0;O_Actinobacteria;"Bacteria; Actinobacteria; Actinobacteridae; Actinomycetales; Micrococcineae; Promicromonosporaceae; Xylanimonas"
tax_52;0;2;0;0;0;0;0;0;O_Actinobacteria;"Bacteria; Actinobacteria; Actinobacteridae; Actinomycetales; Micromonosporineae; Micromonosporaceae; Micromonospora"
tax_53;1;0;0;0;1;0;0;0;O_Actinobacteria;"Bacteria; Actinobacteria; Actinobacteridae; Actinomycetales; Micromonosporineae; Micromonosporaceae; Salinispora"
tax_54;2;0;0;0;0;1;0;0;O_Actinobacteria;"Bacteria; Actinobacteria; Actinobacteridae; Actinomycetales; Propionibacterineae; Nocardioidaceae; Nocardioides"
tax_55;1;0;3;2;0;1;1;0;O_Actinobacteria;"Bacteria; Actinobacteria; Actinobacteridae; Actinomycetales; Propionibacterineae; Propionibacteriaceae; Propionibacterium"
tax_56;0;0;0;1;0;0;0;0;O_Actinobacteria;"Bacteria; Actinobacteria; Actinobacteridae; Actinomycetales; Pseudonocardineae; Pseudonocardiaceae; Actinosynnema"
tax_57;0;0;0;0;0;1;0;0;O_Actinobacteria;"Bacteria; Actinobacteria; Actinobacteridae; Actinomycetales; Pseudonocardineae; Pseudonocardiaceae; Saccharomonospora"
tax_58;2;24;2;10;3;5;5;6;O_Actinobacteria;"Bacteria; Actinobacteria; Actinobacteridae; Actinomycetales; Streptomycineae; Streptomycetaceae; Streptomyces"
tax_59;0;0;1;1;0;0;0;0;O_Actinobacteria;"Bacteria; Actinobacteria; Actinobacteridae; Actinomycetales; Streptosporangineae; Nocardiopsaceae; Nocardiopsis"
tax_60;0;0;2;0;0;0;0;0;O_Actinobacteria;"Bacteria; Actinobacteria; Actinobacteridae; Actinomycetales; Streptosporangineae; Nocardiopsaceae; Thermobifida"
tax_61;0;6;1;0;0;0;0;0;O_Actinobacteria;"Bacteria; Actinobacteria; Actinobacteridae; Actinomycetales; Streptosporangineae; Streptosporangiaceae; Streptosporangium"
tax_62;4;15;23;171;6;28;9;19;Bifidobacterium;"Bacteria; Actinobacteria; Actinobacteridae; Bifidobacteriales; Bifidobacteriaceae; Bifidobacterium"
tax_63;0;0;0;2;0;0;0;0;O_Actinobacteria;"Bacteria; Actinobacteria; Actinobacteridae; Bifidobacteriales; Bifidobacteriaceae; Gardnerella"
tax_64;0;1;0;6;0;1;2;0;O_Actinobacteria;"Bacteria; Actinobacteria; Bifidobacteriales; Bifidobacteriaceae; Bifidobacterium"
tax_65;7;1;0;11;0;2;0;2;O_Actinobacteria;"Bacteria; Actinobacteria; Coriobacteridae; Coriobacteriales; Coriobacterineae; Coriobacteriaceae; Atopobium"
tax_66;0;4;2;31;1;1;3;11;O_Actinobacteria;"Bacteria; Actinobacteria; Coriobacteridae; Coriobacteriales; Coriobacterineae; Coriobacteriaceae; Collinsella"
tax_67;0;2;0;0;1;0;0;1;O_Actinobacteria;"Bacteria; Actinobacteria; Coriobacteridae; Coriobacteriales; Coriobacterineae; Coriobacteriaceae; Cryptobacterium"
tax_68;3;11;0;6;3;0;4;11;O_Actinobacteria;"Bacteria; Actinobacteria; Coriobacteridae; Coriobacteriales; Coriobacterineae; Coriobacteriaceae; Eggerthella"
tax_69;28;3;1;3;1;13;0;1;O_Actinobacteria;"Bacteria; Actinobacteria; Coriobacteridae; Coriobacteriales; Coriobacterineae; Coriobacteriaceae; Slackia"
tax_70;0;0;1;0;0;0;0;0;O_Actinobacteria;"Bacteria; Actinobacteria; Corynebacteriales; Mycobacteriaceae; Mycobacterium"
tax_71;0;0;0;0;2;0;0;0;O_Actinobacteria;"Bacteria; Actinobacteria; Corynebacteriales; Nocardiaceae; Rhodococcus"
tax_72;0;0;0;0;0;0;0;1;O_Actinobacteria;"Bacteria; Actinobacteria; Rubrobacteridae; Rubrobacterales; Rubrobacterineae; Rubrobacteraceae; Rubrobacter"
tax_73;0;1;0;0;4;0;0;0;O_Actinobacteria;"Bacteria; Actinobacteria; Streptomycetales; Streptomycetaceae; Streptomyces"
tax_74;0;0;0;1;0;0;0;0;O_Bacteria;"Bacteria; Actinobacteria; Streptosporangiales; Nocardiopsaceae; Thermobifida"
tax_75;0;0;0;0;1;0;0;0;O_Bacteria;"Bacteria; Aquificae; Aquificales; Aquificaceae; Aquifex"
tax_76;0;0;0;0;0;1;0;0;O_Bacteria;"Bacteria; Aquificae; Aquificales; Aquificaceae; Hydrogenivirga"
tax_77;1;0;0;0;1;0;0;1;O_Bacteria;"Bacteria; Aquificae; Aquificales; Hydrogenothermaceae; Sulfurihydrogenibium"
tax_78;1;0;0;1;0;0;0;0;O_Bacteroidetes;"Bacteria; Bacteroidetes; Bacteroidetes Order II. Incertae sedis; Rhodothermaceae; Rhodothermus"
tax_79;283;66;244;261;172;149;341;375;Bacteroides;"Bacteria; Bacteroidetes; Bacteroidia; Bacteroidales; Bacteroidaceae; Bacteroides"
tax_80;10;4;6;8;16;27;36;14;O_Bacteroidetes;"Bacteria; Bacteroidetes; Bacteroidia; Bacteroidales; Porphyromonadaceae; Parabacteroides"
tax_81;1;0;0;0;19;0;0;1;O_Bacteroidetes;"Bacteria; Bacteroidetes; Bacteroidia; Bacteroidales; Porphyromonadaceae; Porphyromonas"
tax_82;0;0;0;2;0;2;0;3;O_Bacteroidetes;"Bacteria; Bacteroidetes; Bacteroidia; Bacteroidales; Prevotellaceae; Alloprevotella"
tax_83;1;3;7;3;0;10;0;3;O_Bacteroidetes;"Bacteria; Bacteroidetes; Bacteroidia; Bacteroidales; Prevotellaceae; Prevotella"
tax_84;0;2;4;0;5;11;0;7;O_Bacteroidetes;"Bacteria; Bacteroidetes; Bacteroidia; Bacteroidales; Rikenellaceae; Alistipes"
tax_85;0;1;0;0;0;0;0;0;O_Bacteroidetes;"Bacteria; Bacteroidetes; Cytophagia; Cytophagales; Amoebophilaceae; Candidatus Amoebophilus"
tax_86;0;0;1;0;0;0;0;0;O_Bacteroidetes;"Bacteria; Bacteroidetes; Cytophagia; Cytophagales; Cyclobacteriaceae; Algoriphagus"
tax_87;0;2;1;0;0;0;1;0;O_Bacteroidetes;"Bacteria; Bacteroidetes; Cytophagia; Cytophagales; Cytophagaceae; Dyadobacter"
tax_88;0;0;0;0;0;1;0;0;O_Bacteroidetes;"Bacteria; Bacteroidetes; Cytophagia; Cytophagales; Cytophagaceae; Microscilla"
tax_89;0;0;0;0;0;0;0;1;O_Bacteroidetes;"Bacteria; Bacteroidetes; Flavobacteria; Flavobacteriales; Flavobacteriaceae; Chryseobacterium"
tax_90;0;1;0;0;0;0;0;0;O_Bacteroidetes;"Bacteria; Bacteroidetes; Flavobacteriia; Flavobacteriales; Flavobacteriaceae"
tax_91;0;1;0;0;0;0;0;0;O_Bacteroidetes;"Bacteria; Bacteroidetes; Flavobacteriia; Flavobacteriales; Flavobacteriaceae; Capnocytophaga"
tax_92;0;2;0;0;0;0;1;0;O_Bacteroidetes;"Bacteria; Bacteroidetes; Flavobacteriia; Flavobacteriales; Flavobacteriaceae; Flavobacterium"
tax_93;0;0;0;0;0;2;0;0;O_Bacteroidetes;"Bacteria; Bacteroidetes; Flavobacteriia; Flavobacteriales; Flavobacteriaceae; Leeuwenhoekiella"
tax_94;0;0;1;0;2;0;0;0;O_Bacteroidetes;"Bacteria; Bacteroidetes; Sphingobacteria; Sphingobacteriales; Flexibacteraceae; Spirosoma"
tax_95;1;0;0;0;1;0;0;1;O_Bacteroidetes;"Bacteria; Bacteroidetes; Sphingobacteria; Sphingobacteriales; Sphingobacteriaceae; Sphingobacterium"
tax_96;0;1;0;0;0;1;19;0;O_Bacteroidetes;"Bacteria; Bacteroidetes; Sphingobacteriia; Sphingobacteriales; Chitinophagaceae; Chitinophaga"
tax_97;0;0;0;0;1;1;0;0;O_Bacteroidetes;"Bacteria; Bacteroidetes; Sphingobacteriia; Sphingobacteriales; Sphingobacteriaceae; Pedobacter"
tax_98;0;1;0;0;0;0;0;0;O_Bacteroidetes;"Bacteria; Bacteroidetes; environmental samples"
tax_99;0;0;2;0;1;0;0;0;O_Bacteria;"Bacteria; Chlorobi; Chlorobia; Chlorobiales; Chlorobiaceae; Chlorobaculum"
tax_100;2;1;0;0;0;1;0;0;O_Bacteria;"Bacteria; Chlorobi; Chlorobia; Chlorobiales; Chlorobiaceae; Chlorobium/Pelodictyon group; Chlorobium"
tax_101;0;0;0;0;0;1;0;0;O_Bacteria;"Bacteria; Chlorobi; Chlorobia; Chlorobiales; Chlorobiaceae; Chlorobium/Pelodictyon group; Pelodictyon"
tax_102;0;0;0;0;0;0;0;1;O_Bacteria;"Bacteria; Chlorobi; Chlorobia; Chlorobiales; Chlorobiaceae; Prosthecochloris"
tax_103;0;0;0;1;0;2;1;0;O_Bacteria;"Bacteria; Chloroflexi; Chloroflexia; Chloroflexales; Chloroflexineae; Chloroflexaceae; Chloroflexus"
tax_104;0;0;0;0;0;1;0;0;O_Bacteria;"Bacteria; Chloroflexi; Chloroflexia; Chloroflexales; Roseiflexineae; Roseiflexaceae; Roseiflexus"
tax_105;0;2;0;0;0;0;1;0;O_Bacteria;"Bacteria; Chloroflexi; Chloroflexia; Herpetosiphonales; Herpetosiphonaceae; Herpetosiphon"
tax_106;0;0;1;2;0;1;0;0;O_Bacteria;"Bacteria; Chloroflexi; Sphaerobacteridae; Sphaerobacterales; Sphaerobacterineae; Sphaerobacteraceae; Sphaerobacter"
tax_107;0;1;0;0;0;0;0;0;O_Bacteria;"Bacteria; Cloacimonetes; Candidatus Cloacimonas"
tax_108;0;1;0;0;0;0;0;0;O_Bacteria;"Bacteria; Cyanobacteria; Chroococcales; Cyanothece"
tax_109;1;0;0;0;0;0;0;0;O_Bacteria;"Bacteria; Cyanobacteria; Nostocales; Nostocaceae; Anabaena"
tax_110;0;0;1;0;1;2;0;0;O_Bacteria;"Bacteria; Cyanobacteria; Nostocales; Nostocaceae; Nodularia"
tax_111;1;1;0;0;0;0;0;1;O_Bacteria;"Bacteria; Cyanobacteria; Nostocales; Nostocaceae; Nostoc"
tax_112;0;0;1;1;0;1;0;0;O_Bacteria;"Bacteria; Cyanobacteria; Oscillatoriophycideae; Chroococcales; Acaryochloris"
tax_113;2;6;0;0;1;0;0;1;O_Bacteria;"Bacteria; Cyanobacteria; Oscillatoriophycideae; Chroococcales; Crocosphaera"
tax_114;2;6;0;0;5;0;5;1;O_Bacteria;"Bacteria; Cyanobacteria; Oscillatoriophycideae; Chroococcales; Cyanothece"
tax_115;0;0;1;0;0;0;0;0;O_Bacteria;"Bacteria; Cyanobacteria; Oscillatoriophycideae; Chroococcales; Microcystis"
tax_116;0;1;1;0;1;1;0;0;O_Bacteria;"Bacteria; Cyanobacteria; Oscillatoriophycideae; Chroococcales; Synechococcus"
tax_117;0;0;0;0;0;1;0;0;O_Bacteria;"Bacteria; Cyanobacteria; Oscillatoriophycideae; Chroococcales; Synechocystis"
tax_118;0;0;0;0;0;0;1;0;O_Bacteria;"Bacteria; Cyanobacteria; Oscillatoriophycideae; Chroococcales; Thermosynechococcus"
tax_119;0;0;1;0;0;0;0;0;O_Bacteria;"Bacteria; Cyanobacteria; Oscillatoriophycideae; Oscillatoriales; Arthrospira"
tax_120;0;4;0;1;0;0;0;0;O_Bacteria;"Bacteria; Cyanobacteria; Oscillatoriophycideae; Oscillatoriales; Coleofasciculus"
tax_121;0;1;0;0;0;1;0;0;O_Bacteria;"Bacteria; Cyanobacteria; Prochlorales; Prochlorococcaceae; Prochlorococcus"
tax_122;1;0;2;6;12;4;3;2;O_Bacteria;"Bacteria; Deinococcus-Thermus; Deinococci; Deinococcales; Deinococcaceae; Deinococcus"
tax_123;0;0;0;1;0;1;1;1;O_Bacteria;"Bacteria; Deinococcus-Thermus; Deinococci; Thermales; Thermaceae; Meiothermus"
tax_124;0;0;0;0;1;0;0;0;O_Bacteria;"Bacteria; Deinococcus-Thermus; Deinococci; Thermales; Thermaceae; Thermus"
tax_125;0;0;1;0;0;0;0;0;O_Bacteria;"Bacteria; Dictyoglomi; Dictyoglomales; Dictyoglomaceae; Dictyoglomus"
tax_126;0;2;0;0;0;0;1;0;O_Bacteria;"Bacteria; Elusimicrobia; Elusimicrobia; Elusimicrobiales; Elusimicrobiaceae; Elusimicrobium"
tax_127;0;2;0;2;0;0;0;1;O_Bacteria;"Bacteria; Fibrobacteres; Fibrobacterales; Fibrobacteraceae; Fibrobacter"
tax_128;3;0;0;0;0;1;0;1;O_Firmicutes;"Bacteria; Firmicutes; Bacillales; Bacillaceae; Bacillus"
tax_129;5;2;1;3;2;1;0;1;O_Firmicutes;"Bacteria; Firmicutes; Bacillales; Bacillaceae; Geobacillus"
tax_130;0;0;0;0;0;5;0;0;O_Firmicutes;"Bacteria; Firmicutes; Bacillales; Staphylococcus"
tax_131;0;2;0;0;1;1;0;0;O_Firmicutes;"Bacteria; Firmicutes; Bacilli; Bacillales; Alicyclobacillaceae; Alicyclobacillus"
tax_132;3;3;0;0;1;0;0;0;O_Firmicutes;"Bacteria; Firmicutes; Bacilli; Bacillales; Bacillaceae; Anoxybacillus"
tax_133;2;8;0;0;0;3;4;3;O_Firmicutes;"Bacteria; Firmicutes; Bacilli; Bacillales; Bacillaceae; Bacillus"
tax_134;9;22;0;4;4;3;6;1;O_Firmicutes;"Bacteria; Firmicutes; Bacilli; Bacillales; Bacillaceae; Bacillus; Bacillus cereus group"
tax_135;0;0;0;0;1;0;0;1;O_Firmicutes;"Bacteria; Firmicutes; Bacilli; Bacillales; Bacillaceae; Geobacillus"
tax_136;0;3;2;0;0;0;1;0;O_Firmicutes;"Bacteria; Firmicutes; Bacilli; Bacillales; Bacillaceae; Lysinibacillus"
tax_137;0;1;0;0;0;1;1;0;O_Firmicutes;"Bacteria; Firmicutes; Bacilli; Bacillales; Bacillaceae; Oceanobacillus"
tax_138;0;2;0;0;0;0;0;0;O_Firmicutes;"Bacteria; Firmicutes; Bacilli; Bacillales; Bacillales Family XI. Incertae Sedis; Gemella"
tax_139;1;3;0;2;0;0;1;0;O_Firmicutes;"Bacteria; Firmicutes; Bacilli; Bacillales; Bacillales Family XII. Incertae Sedis; Exiguobacterium"
tax_140;1;5;0;5;3;0;2;1;O_Firmicutes;"Bacteria; Firmicutes; Bacilli; Bacillales; Listeriaceae; Listeria"
tax_141;4;10;2;5;5;11;4;3;O_Firmicutes;"Bacteria; Firmicutes; Bacilli; Bacillales; Paenibacillaceae; Paenibacillus"
tax_142;0;3;2;0;3;16;3;8;O_Firmicutes;"Bacteria; Firmicutes; Bacilli; Bacillales; Staphylococcus"
tax_143;7;8;0;13;17;5;1;6;O_Firmicutes;"Bacteria; Firmicutes; Bacilli; Lactobacillales; Aerococcaceae; Abiotrophia"
tax_144;0;0;0;0;1;0;0;0;O_Firmicutes;"Bacteria; Firmicutes; Bacilli; Lactobacillales; Carnobacteriaceae; Carnobacterium"
tax_145;1;0;1;1;0;0;0;0;O_Firmicutes;"Bacteria; Firmicutes; Bacilli; Lactobacillales; Carnobacteriaceae; Granulicatella"
tax_146;1;3;12;15;8;8;9;0;O_Firmicutes;"Bacteria; Firmicutes; Bacilli; Lactobacillales; Enterococcaceae; Enterococcus"
tax_147;7;4;0;6;14;7;2;14;O_Firmicutes;"Bacteria; Firmicutes; Bacilli; Lactobacillales; Lactobacillaceae; Lactobacillus"
tax_148;0;2;0;2;0;0;0;0;O_Firmicutes;"Bacteria; Firmicutes; Bacilli; Lactobacillales; Lactobacillaceae; Pediococcus"
tax_149;0;0;2;0;1;0;0;0;O_Firmicutes;"Bacteria; Firmicutes; Bacilli; Lactobacillales; Leuconostocaceae; Leuconostoc"
tax_150;0;1;0;0;0;1;0;1;O_Firmicutes;"Bacteria; Firmicutes; Bacilli; Lactobacillales; Streptococcaceae; Lactococcus"
tax_151;12;28;1;18;19;14;14;14;O_Firmicutes;"Bacteria; Firmicutes; Bacilli; Lactobacillales; Streptococcaceae; Streptococcus"
tax_152;1;1;0;0;0;0;0;0;O_Firmicutes;"Bacteria; Firmicutes; Bacilli; Lactobacillales; Weissella"
tax_153;8;35;14;25;21;17;12;27;O_Firmicutes;"Bacteria; Firmicutes; Clostridia; Clostridiales"
tax_154;2;5;1;4;2;0;0;0;Clostridiaceae;"Bacteria; Firmicutes; Clostridia; Clostridiales; Clostridiaceae; Alkaliphilus"
tax_155;121;616;75;237;194;132;74;150;Clostridiaceae;"Bacteria; Firmicutes; Clostridia; Clostridiales; Clostridiaceae; Clostridium"
tax_156;0;5;1;0;1;3;1;0;O_Firmicutes;"Bacteria; Firmicutes; Clostridia; Clostridiales; Clostridiales Family XI. Incertae Sedis; Anaerococcus"
tax_157;0;1;0;0;0;0;0;0;O_Firmicutes;"Bacteria; Firmicutes; Clostridia; Clostridiales; Clostridiales Family XI. Incertae Sedis; Finegoldia"
tax_158;0;3;0;4;0;0;0;3;O_Firmicutes;"Bacteria; Firmicutes; Clostridia; Clostridiales; Clostridiales Family XI. Incertae Sedis; Parvimonas"
tax_159;2;2;0;1;1;2;0;1;O_Firmicutes;"Bacteria; Firmicutes; Clostridia; Clostridiales; Epulopiscium"
tax_160;1;3;0;3;0;1;0;2;Eubacteriaceae;"Bacteria; Firmicutes; Clostridia; Clostridiales; Eubacteriaceae; Anaerofustis"
tax_161;92;293;61;427;140;135;108;183;Eubacteriaceae;"Bacteria; Firmicutes; Clostridia; Clostridiales; Eubacteriaceae; Eubacterium"
tax_162;5;3;5;8;11;6;6;11;O_Firmicutes;"Bacteria; Firmicutes; Clostridia; Clostridiales; Heliobacteriaceae; Heliobacterium"
tax_163;6;19;1;13;10;7;4;8;Lachnospiraceae;"Bacteria; Firmicutes; Clostridia; Clostridiales; Lachnospiraceae"
tax_164;15;17;9;10;8;7;8;9;Lachnospiraceae;"Bacteria; Firmicutes; Clostridia; Clostridiales; Lachnospiraceae; Anaerostipes"
tax_165;158;201;79;338;114;107;64;202;Lachnospiraceae;"Bacteria; Firmicutes; Clostridia; Clostridiales; Lachnospiraceae; Blautia"
tax_166;1;17;1;14;2;9;0;8;Lachnospiraceae;"Bacteria; Firmicutes; Clostridia; Clostridiales; Lachnospiraceae; Butyrivibrio"
tax_167;57;66;13;55;67;44;114;45;Lachnospiraceae;"Bacteria; Firmicutes; Clostridia; Clostridiales; Lachnospiraceae; Coprococcus"
tax_168;106;54;53;96;47;43;44;80;Lachnospiraceae;"Bacteria; Firmicutes; Clostridia; Clostridiales; Lachnospiraceae; Dorea"
tax_169;2;24;0;40;11;7;3;25;Lachnospiraceae;"Bacteria; Firmicutes; Clostridia; Clostridiales; Lachnospiraceae; Marvinbryantia"
tax_170;2;13;0;7;0;1;0;1;Lachnospiraceae;"Bacteria; Firmicutes; Clostridia; Clostridiales; Lachnospiraceae; Oribacterium"
tax_171;33;169;8;118;29;46;7;74;Lachnospiraceae;"Bacteria; Firmicutes; Clostridia; Clostridiales; Lachnospiraceae; Roseburia"
tax_172;1;2;0;3;2;1;2;2;Lachnospiraceae;"Bacteria; Firmicutes; Clostridia; Clostridiales; Lachnospiraceae; Shuttleworthia"
tax_173;0;0;0;0;0;0;0;1;O_Firmicutes;"Bacteria; Firmicutes; Clostridia; Clostridiales; Peptococcaceae; Candidatus Desulforudis"
tax_174;3;2;1;5;6;0;0;2;O_Firmicutes;"Bacteria; Firmicutes; Clostridia; Clostridiales; Peptococcaceae; Desulfitobacterium"
tax_175;0;1;2;1;1;2;0;0;O_Firmicutes;"Bacteria; Firmicutes; Clostridia; Clostridiales; Peptococcaceae; Desulfotomaculum"
tax_176;0;4;1;1;4;0;2;2;O_Firmicutes;"Bacteria; Firmicutes; Clostridia; Clostridiales; Peptococcaceae; Pelotomaculum"
tax_177;0;2;0;1;0;0;0;0;O_Firmicutes;"Bacteria; Firmicutes; Clostridia; Clostridiales; Peptoniphilaceae; Anaerococcus"
tax_178;26;16;5;28;9;6;16;17;O_Firmicutes;"Bacteria; Firmicutes; Clostridia; Clostridiales; Peptostreptococcaceae"
tax_179;0;2;0;0;1;0;1;4;O_Firmicutes;"Bacteria; Firmicutes; Clostridia; Clostridiales; Peptostreptococcaceae; Peptoclostridium"
tax_180;11;9;2;26;23;9;7;6;O_Firmicutes;"Bacteria; Firmicutes; Clostridia; Clostridiales; Pseudoflavonifractor"
tax_181;109;164;221;82;403;125;85;423;Ruminococcaceae;"Bacteria; Firmicutes; Clostridia; Clostridiales; Ruminococcaceae; Anaerotruncus"
tax_182;0;1;0;0;0;0;0;0;Ruminococcaceae;"Bacteria; Firmicutes; Clostridia; Clostridiales; Ruminococcaceae; Ethanoligenens"
tax_183;100;84;80;277;163;46;64;279;Ruminococcaceae;"Bacteria; Firmicutes; Clostridia; Clostridiales; Ruminococcaceae; Faecalibacterium"
tax_184;5;19;1;2;1;2;0;5;Ruminococcaceae;"Bacteria; Firmicutes; Clostridia; Clostridiales; Ruminococcaceae; Ruminiclostridium"
tax_185;49;223;16;321;55;53;22;111;Ruminococcaceae;"Bacteria; Firmicutes; Clostridia; Clostridiales; Ruminococcaceae; Ruminococcus"
tax_186;0;0;0;0;2;0;1;1;O_Firmicutes;"Bacteria; Firmicutes; Clostridia; Clostridiales; Symbiobacteriaceae; Symbiobacterium"
tax_187;0;4;0;1;3;0;0;1;O_Firmicutes;"Bacteria; Firmicutes; Clostridia; Clostridiales; Syntrophomonadaceae; Dethiobacter"
tax_188;0;1;0;1;0;0;0;1;O_Firmicutes;"Bacteria; Firmicutes; Clostridia; Clostridiales; Syntrophomonadaceae; Syntrophomonas"
tax_189;0;0;0;1;1;1;0;0;O_Firmicutes;"Bacteria; Firmicutes; Clostridia; Clostridiales; Veillonellaceae; Selenomonas"
tax_190;0;0;0;0;2;0;0;1;O_Firmicutes;"Bacteria; Firmicutes; Clostridia; Clostridiales; Veillonellaceae; Veillonella"
tax_191;2;0;0;0;0;0;0;1;O_Firmicutes;"Bacteria; Firmicutes; Clostridia; Halanaerobiales; Halanaerobiaceae; Halothermothrix"
tax_192;2;2;2;1;4;0;2;3;O_Firmicutes;"Bacteria; Firmicutes; Clostridia; Thermoanaerobacterales; Thermoanaerobacteraceae; Caldanaerobacter"
tax_193;0;0;0;0;0;2;0;0;O_Firmicutes;"Bacteria; Firmicutes; Clostridia; Thermoanaerobacterales; Thermoanaerobacteraceae; Carboxydothermus"
tax_194;0;0;0;0;0;0;1;1;O_Firmicutes;"Bacteria; Firmicutes; Clostridia; Thermoanaerobacterales; Thermoanaerobacteraceae; Moorella group; Ammonifex"
tax_195;0;0;0;0;1;0;0;0;O_Firmicutes;"Bacteria; Firmicutes; Clostridia; Thermoanaerobacterales; Thermoanaerobacteraceae; Moorella group; Moorella"
tax_196;0;3;1;0;3;2;0;0;O_Firmicutes;"Bacteria; Firmicutes; Clostridia; Thermoanaerobacterales; Thermoanaerobacteraceae; Thermoanaerobacter"
tax_197;3;7;0;1;6;8;0;2;O_Firmicutes;"Bacteria; Firmicutes; Clostridia; Thermoanaerobacterales; Thermoanaerobacterales Family III. Incertae Sedis; Caldicellulosiruptor"
tax_198;2;1;0;0;0;1;1;0;O_Firmicutes;"Bacteria; Firmicutes; Clostridia; Thermoanaerobacterales; Thermoanaerobacterales Family III. Incertae Sedis; Thermoanaerobacterium"
tax_199;0;0;1;0;0;0;0;0;O_Firmicutes;"Bacteria; Firmicutes; Clostridia; Thermoanaerobacterales; Thermodesulfobiaceae; Coprothermobacter"
tax_200;0;0;0;0;1;0;0;2;O_Firmicutes;"Bacteria; Firmicutes; Erysipelotrichi; Erysipelotrichales; Erysipelotrichaceae; Erysipelothrix"
tax_201;8;13;8;18;13;24;3;7;O_Firmicutes;"Bacteria; Firmicutes; Erysipelotrichia; Erysipelotrichales; Erysipelotrichaceae"
tax_202;0;7;0;2;0;0;0;0;O_Firmicutes;"Bacteria; Firmicutes; Erysipelotrichia; Erysipelotrichales; Erysipelotrichaceae; Catenibacterium"
tax_203;0;4;0;3;1;2;0;8;O_Firmicutes;"Bacteria; Firmicutes; Erysipelotrichia; Erysipelotrichales; Erysipelotrichaceae; Coprobacillus"
tax_204;0;12;0;0;1;5;2;1;O_Firmicutes;"Bacteria; Firmicutes; Erysipelotrichia; Erysipelotrichales; Erysipelotrichaceae; Holdemania"
tax_205;0;0;0;0;0;1;0;0;O_Firmicutes;"Bacteria; Firmicutes; Lactobacillales; Enterococcaceae; Enterococcus"
tax_206;3;2;1;1;5;2;1;5;O_Firmicutes;"Bacteria; Firmicutes; Lactobacillales; Lactobacillaceae; Lactobacillus"
tax_207;0;3;0;6;1;0;2;1;O_Firmicutes;"Bacteria; Firmicutes; Negativicutes; Selenomonadales; Acidaminococcaceae; Acidaminococcus"
tax_208;2;2;0;0;5;0;0;0;O_Firmicutes;"Bacteria; Firmicutes; Negativicutes; Selenomonadales; Veillonellaceae; Dialister"
tax_209;3;0;0;0;1;1;3;0;O_Firmicutes;"Bacteria; Firmicutes; Negativicutes; Selenomonadales; Veillonellaceae; Mitsuokella"
tax_210;0;5;0;2;2;0;0;1;O_Firmicutes;"Bacteria; Firmicutes; Negativicutes; Selenomonadales; Veillonellaceae; Selenomonas"
tax_211;0;0;0;3;0;0;0;0;O_Firmicutes;"Bacteria; Firmicutes; Negativicutes; Selenomonadales; Veillonellaceae; Thermosinus"
tax_212;1;5;1;3;4;2;0;1;O_Bacteria;"Bacteria; Fusobacteria; Fusobacteriales; Fusobacteriaceae; Fusobacterium"
tax_213;0;0;0;2;0;0;0;0;O_Bacteria;"Bacteria; Fusobacteria; Fusobacteriales; Fusobacteriaceae; Sebaldella"
tax_214;9;3;3;1;6;4;2;12;O_Bacteria;"Bacteria; Fusobacteria; Fusobacteriales; Leptotrichiaceae; Leptotrichia"
tax_215;1;0;0;0;0;0;0;0;O_Bacteria;"Bacteria; Fusobacteria; Fusobacteriales; Leptotrichiaceae; Sebaldella"
tax_216;0;0;0;1;0;0;0;0;O_Bacteria;"Bacteria; Fusobacteria; Fusobacteriales; Leptotrichiaceae; Streptobacillus"
tax_217;0;1;0;0;0;0;0;0;O_Bacteria;"Bacteria; Lentisphaerae; Lentisphaeria; Lentisphaerales; Lentisphaeraceae; Lentisphaera"
tax_218;0;0;0;2;0;0;0;0;O_Bacteria;"Bacteria; Lentisphaerae; Victivallales; Victivallaceae; Victivallis"
tax_219;0;0;0;0;1;0;0;0;O_Bacteria;"Bacteria; Nitrospirae; Nitrospirales; Nitrospiraceae; Leptospirillum"
tax_220;0;0;1;0;0;0;0;0;O_Bacteria;"Bacteria; Planctomycetes; Planctomycetacia; Planctomycetales; Planctomycetaceae; Planctomyces"
tax_221;0;0;0;1;0;0;1;0;O_Bacteria;"Bacteria; Planctomycetes; Planctomycetia; Planctomycetales; Planctomycetaceae; Blastopirellula"
tax_222;4;0;0;0;1;0;0;1;O_Bacteria;"Bacteria; Planctomycetes; Planctomycetia; Planctomycetales; Planctomycetaceae; Gemmata"
tax_223;0;1;0;1;0;0;0;1;O_Bacteria;"Bacteria; Planctomycetes; Planctomycetia; Planctomycetales; Planctomycetaceae; Planctomyces"
tax_224;0;0;1;0;0;0;1;1;O_Bacteria;"Bacteria; Planctomycetes; Planctomycetia; Planctomycetales; Planctomycetaceae; Rhodopirellula"
tax_225;0;0;0;0;0;1;0;0;O_Bacteria;"Bacteria; Planctomycetes; Planctomycetia; Planctomycetales; environmental samples"
tax_226;1;0;0;0;0;0;0;0;O_Proteobacteria;"Bacteria; Proteobacteria; Alphaproteobacteria; Caulobacterales; Caulobacteraceae; Brevundimonas"
tax_227;0;0;0;0;1;0;1;0;O_Proteobacteria;"Bacteria; Proteobacteria; Alphaproteobacteria; Rhizobiales; Aurantimonadaceae; Aurantimonas"
tax_228;0;0;0;1;0;0;0;0;O_Proteobacteria;"Bacteria; Proteobacteria; Alphaproteobacteria; Rhizobiales; Bartonellaceae; Bartonella"
tax_229;0;0;0;0;0;0;0;1;O_Proteobacteria;"Bacteria; Proteobacteria; Alphaproteobacteria; Rhizobiales; Beijerinckiaceae; Beijerinckia"
tax_230;0;0;0;0;0;0;0;1;O_Proteobacteria;"Bacteria; Proteobacteria; Alphaproteobacteria; Rhizobiales; Beijerinckiaceae; Methylocella"
tax_231;0;1;0;0;1;0;0;0;O_Proteobacteria;"Bacteria; Proteobacteria; Alphaproteobacteria; Rhizobiales; Bradyrhizobiaceae; Nitrobacter"
tax_232;0;0;1;0;1;1;1;2;O_Proteobacteria;"Bacteria; Proteobacteria; Alphaproteobacteria; Rhizobiales; Bradyrhizobiaceae; Rhodopseudomonas"
tax_233;0;0;2;3;3;6;5;6;O_Proteobacteria;"Bacteria; Proteobacteria; Alphaproteobacteria; Rhizobiales; Brucellaceae; Brucella"
tax_234;0;0;0;0;0;1;0;0;O_Proteobacteria;"Bacteria; Proteobacteria; Alphaproteobacteria; Rhizobiales; Brucellaceae; Ochrobactrum"
tax_235;0;0;0;0;0;1;0;1;O_Proteobacteria;"Bacteria; Proteobacteria; Alphaproteobacteria; Rhizobiales; Methylobacteriaceae; Methylobacterium"
tax_236;0;0;0;1;0;0;0;0;O_Proteobacteria;"Bacteria; Proteobacteria; Alphaproteobacteria; Rhizobiales; Phyllobacteriaceae; Mesorhizobium"
tax_237;0;0;0;0;0;0;0;1;O_Proteobacteria;"Bacteria; Proteobacteria; Alphaproteobacteria; Rhizobiales; Rhizobiaceae; Candidatus Liberibacter"
tax_238;1;0;0;0;0;0;0;0;O_Proteobacteria;"Bacteria; Proteobacteria; Alphaproteobacteria; Rhizobiales; Rhizobiaceae; Rhizobium/Agrobacterium group; Agrobacterium; Agrobacterium tumefaciens complex"
tax_239;1;1;0;1;1;0;0;0;O_Proteobacteria;"Bacteria; Proteobacteria; Alphaproteobacteria; Rhizobiales; Rhizobiaceae; Rhizobium/Agrobacterium group; Rhizobium"
tax_240;0;1;1;0;2;0;0;0;O_Proteobacteria;"Bacteria; Proteobacteria; Alphaproteobacteria; Rhizobiales; Rhizobiaceae; Sinorhizobium/Ensifer group; Sinorhizobium"
tax_241;2;0;0;0;0;1;0;1;O_Proteobacteria;"Bacteria; Proteobacteria; Alphaproteobacteria; Rhizobiales; Xanthobacteraceae; Azorhizobium"
tax_242;0;0;0;0;0;0;1;0;O_Proteobacteria;"Bacteria; Proteobacteria; Alphaproteobacteria; Rhodobacterales; Hyphomonadaceae; Hirschia"
tax_243;1;0;1;0;1;1;1;3;O_Proteobacteria;"Bacteria; Proteobacteria; Alphaproteobacteria; Rhodobacterales; Hyphomonadaceae; Hyphomonas"
tax_244;0;0;0;0;1;2;0;0;O_Proteobacteria;"Bacteria; Proteobacteria; Alphaproteobacteria; Rhodobacterales; Hyphomonadaceae; Oceanicaulis"
tax_245;0;1;0;0;0;0;0;1;O_Proteobacteria;"Bacteria; Proteobacteria; Alphaproteobacteria; Rhodobacterales; Rhodobacteraceae"
tax_246;0;0;0;0;0;1;0;0;O_Proteobacteria;"Bacteria; Proteobacteria; Alphaproteobacteria; Rhodobacterales; Rhodobacteraceae; Maritimibacter"
tax_247;0;1;0;0;0;1;0;0;O_Proteobacteria;"Bacteria; Proteobacteria; Alphaproteobacteria; Rhodobacterales; Rhodobacteraceae; Oceanicola"
tax_248;0;1;0;0;0;0;0;1;O_Proteobacteria;"Bacteria; Proteobacteria; Alphaproteobacteria; Rhodobacterales; Rhodobacteraceae; Octadecabacter"
tax_249;0;1;0;0;1;0;0;0;O_Proteobacteria;"Bacteria; Proteobacteria; Alphaproteobacteria; Rhodobacterales; Rhodobacteraceae; Pelagibaca"
tax_250;2;0;0;0;0;1;0;0;O_Proteobacteria;"Bacteria; Proteobacteria; Alphaproteobacteria; Rhodobacterales; Rhodobacteraceae; Rhodobacter"
tax_251;0;0;0;0;0;0;0;1;O_Proteobacteria;"Bacteria; Proteobacteria; Alphaproteobacteria; Rhodobacterales; Rhodobacteraceae; Rhodovulum"
tax_252;0;1;0;0;8;0;0;0;O_Proteobacteria;"Bacteria; Proteobacteria; Alphaproteobacteria; Rhodobacterales; Rhodobacteraceae; Roseobacter"
tax_253;0;1;0;0;0;1;0;0;O_Proteobacteria;"Bacteria; Proteobacteria; Alphaproteobacteria; Rhodobacterales; Rhodobacteraceae; Roseovarius"
tax_254;0;0;1;0;0;0;0;1;O_Proteobacteria;"Bacteria; Proteobacteria; Alphaproteobacteria; Rhodobacterales; Rhodobacteraceae; Ruegeria"
tax_255;0;0;0;0;0;0;1;0;O_Proteobacteria;"Bacteria; Proteobacteria; Alphaproteobacteria; Rhodobacterales; Rhodobacteraceae; Sulfitobacter"
tax_256;0;0;1;0;0;1;0;2;O_Proteobacteria;"Bacteria; Proteobacteria; Alphaproteobacteria; Rhodospirillales; Acetobacteraceae; Gluconacetobacter"
tax_257;3;1;1;0;4;8;2;1;O_Proteobacteria;"Bacteria; Proteobacteria; Alphaproteobacteria; Rhodospirillales; Rhodospirillaceae; Magnetospirillum"
tax_258;0;0;0;0;3;0;0;0;O_Proteobacteria;"Bacteria; Proteobacteria; Alphaproteobacteria; Rickettsiales; Anaplasmataceae; Anaplasma"
tax_259;0;0;0;0;0;1;0;0;O_Proteobacteria;"Bacteria; Proteobacteria; Alphaproteobacteria; Rickettsiales; Anaplasmataceae; Anaplasma; phagocytophilum group"
tax_260;0;2;0;0;0;0;0;0;O_Proteobacteria;"Bacteria; Proteobacteria; Alphaproteobacteria; Rickettsiales; Anaplasmataceae; Neorickettsia"
tax_261;0;0;0;0;0;0;0;1;O_Proteobacteria;"Bacteria; Proteobacteria; Alphaproteobacteria; Rickettsiales; Rickettsiaceae; Rickettsieae; Rickettsia; spotted fever group"
tax_262;1;1;0;0;0;0;0;0;O_Proteobacteria;"Bacteria; Proteobacteria; Alphaproteobacteria; Sphingomonadales; Erythrobacteraceae; Erythrobacter"
tax_263;0;0;0;1;16;0;0;0;O_Proteobacteria;"Bacteria; Proteobacteria; Alphaproteobacteria; Sphingomonadales; Sphingomonadaceae; Sphingomonas"
tax_264;0;1;0;0;1;0;0;0;O_Proteobacteria;"Bacteria; Proteobacteria; Alphaproteobacteria; Sphingomonadales; Sphingomonadaceae; Zymomonas"
tax_265;0;0;0;0;1;3;0;0;O_Proteobacteria;"Bacteria; Proteobacteria; Betaproteobacteria"
tax_266;1;3;0;2;0;0;0;0;O_Proteobacteria;"Bacteria; Proteobacteria; Betaproteobacteria; Burkholderiales; Alcaligenaceae; Bordetella"
tax_267;0;0;0;1;14;2;0;2;O_Proteobacteria;"Bacteria; Proteobacteria; Betaproteobacteria; Burkholderiales; Burkholderiaceae; Burkholderia"
tax_268;2;1;0;0;3;5;1;1;O_Proteobacteria;"Bacteria; Proteobacteria; Betaproteobacteria; Burkholderiales; Burkholderiaceae; Burkholderia; Burkholderia cepacia complex"
tax_269;0;1;0;0;5;2;0;4;O_Proteobacteria;"Bacteria; Proteobacteria; Betaproteobacteria; Burkholderiales; Burkholderiaceae; Burkholderia; pseudomallei group"
tax_270;0;0;0;0;1;0;1;0;O_Proteobacteria;"Bacteria; Proteobacteria; Betaproteobacteria; Burkholderiales; Burkholderiaceae; Cupriavidus"
tax_271;1;0;0;1;0;0;0;1;O_Proteobacteria;"Bacteria; Proteobacteria; Betaproteobacteria; Burkholderiales; Burkholderiaceae; Ralstonia"
tax_272;1;0;0;2;0;2;0;0;O_Proteobacteria;"Bacteria; Proteobacteria; Betaproteobacteria; Burkholderiales; Comamonadaceae; Acidovorax"
tax_273;0;1;0;0;0;0;0;0;O_Proteobacteria;"Bacteria; Proteobacteria; Betaproteobacteria; Burkholderiales; Comamonadaceae; Comamonas"
tax_274;0;0;1;1;0;6;2;2;O_Proteobacteria;"Bacteria; Proteobacteria; Betaproteobacteria; Burkholderiales; Comamonadaceae; Curvibacter"
tax_275;0;0;1;0;0;0;0;1;O_Proteobacteria;"Bacteria; Proteobacteria; Betaproteobacteria; Burkholderiales; Comamonadaceae; Delftia"
tax_276;0;0;0;1;2;0;0;0;O_Proteobacteria;"Bacteria; Proteobacteria; Betaproteobacteria; Burkholderiales; Comamonadaceae; Polaromonas"
tax_277;0;0;2;0;0;0;0;3;O_Proteobacteria;"Bacteria; Proteobacteria; Betaproteobacteria; Burkholderiales; Comamonadaceae; Variovorax"
tax_278;0;1;0;0;0;1;0;0;O_Proteobacteria;"Bacteria; Proteobacteria; Betaproteobacteria; Burkholderiales; Comamonadaceae; Verminephrobacter"
tax_279;0;0;0;0;0;0;0;3;O_Proteobacteria;"Bacteria; Proteobacteria; Betaproteobacteria; Burkholderiales; Methylibium"
tax_280;0;0;0;0;0;0;0;1;O_Proteobacteria;"Bacteria; Proteobacteria; Betaproteobacteria; Burkholderiales; Oxalobacteraceae; Janthinobacterium"
tax_281;1;2;1;0;0;0;0;1;O_Proteobacteria;"Bacteria; Proteobacteria; Betaproteobacteria; Burkholderiales; Oxalobacteraceae; Oxalobacter"
tax_282;0;0;0;1;0;0;0;0;O_Proteobacteria;"Bacteria; Proteobacteria; Betaproteobacteria; Burkholderiales; Thiomonas"
tax_283;0;1;0;0;0;0;0;0;O_Proteobacteria;"Bacteria; Proteobacteria; Betaproteobacteria; Gallionellales; Gallionellaceae; Gallionella"
tax_284;0;0;0;0;0;1;0;0;O_Proteobacteria;"Bacteria; Proteobacteria; Betaproteobacteria; Methylophilales; Methylophilaceae; Methylotenera"
tax_285;0;0;0;0;1;0;0;0;O_Proteobacteria;"Bacteria; Proteobacteria; Betaproteobacteria; Methylophilales; Methylophilaceae; Methylovorus"
tax_286;0;0;0;0;0;1;0;0;O_Proteobacteria;"Bacteria; Proteobacteria; Betaproteobacteria; Neisseriales; Chromobacteriaceae; Chromobacterium"
tax_287;0;0;0;0;0;0;0;1;O_Proteobacteria;"Bacteria; Proteobacteria; Betaproteobacteria; Neisseriales; Chromobacteriaceae; Laribacter"
tax_288;1;2;0;1;2;0;0;3;O_Proteobacteria;"Bacteria; Proteobacteria; Betaproteobacteria; Neisseriales; Neisseriaceae; Neisseria"
tax_289;0;1;0;0;0;0;0;0;O_Proteobacteria;"Bacteria; Proteobacteria; Betaproteobacteria; Neisseriales; Neisseriaceae; Pseudogulbenkiania"
tax_290;2;0;0;0;0;0;0;0;O_Proteobacteria;"Bacteria; Proteobacteria; Betaproteobacteria; Nitrosomonadales; Nitrosomonadaceae; Nitrosomonas"
tax_291;0;0;0;2;0;0;0;0;O_Proteobacteria;"Bacteria; Proteobacteria; Betaproteobacteria; Rhodocyclales; Rhodocyclaceae; Aromatoleum"
tax_292;0;0;0;1;0;0;0;2;O_Proteobacteria;"Bacteria; Proteobacteria; Betaproteobacteria; Rhodocyclales; Rhodocyclaceae; Azoarcus"
tax_293;0;1;0;0;0;0;0;0;O_Proteobacteria;"Bacteria; Proteobacteria; Betaproteobacteria; Rhodocyclales; Rhodocyclaceae; Dechloromonas"
tax_294;0;0;0;0;1;0;1;0;O_Proteobacteria;"Bacteria; Proteobacteria; Betaproteobacteria; Rhodocyclales; Rhodocyclaceae; Thauera"
tax_295;0;0;0;0;1;1;0;1;O_Proteobacteria;"Bacteria; Proteobacteria; Betaproteobacteria; environmental samples"
tax_296;0;0;0;0;4;0;1;0;O_Proteobacteria;"Bacteria; Proteobacteria; Deltaproteobacteria; Bdellovibrionales; Bdellovibrionaceae; Bdellovibrio"
tax_297;0;0;0;0;0;1;0;0;O_Proteobacteria;"Bacteria; Proteobacteria; Deltaproteobacteria; Desulfobacterales; Desulfobacteraceae; Desulfobacterium"
tax_298;0;1;0;5;3;2;1;3;O_Proteobacteria;"Bacteria; Proteobacteria; Deltaproteobacteria; Desulfovibrionales; Desulfovibrionaceae; Desulfovibrio"
tax_299;1;0;0;3;0;1;0;1;O_Proteobacteria;"Bacteria; Proteobacteria; Deltaproteobacteria; Desulfovibrionales; Desulfovibrionaceae; Lawsonia"
tax_300;1;2;0;1;0;1;0;0;O_Proteobacteria;"Bacteria; Proteobacteria; Deltaproteobacteria; Desulfuromonadales; Geobacteraceae; Geobacter"
tax_301;1;0;0;0;1;1;0;0;O_Proteobacteria;"Bacteria; Proteobacteria; Deltaproteobacteria; Desulfuromonadales; Pelobacteraceae; Pelobacter"
tax_302;0;0;2;0;0;2;1;0;O_Proteobacteria;"Bacteria; Proteobacteria; Deltaproteobacteria; Myxococcales; Cystobacterineae; Anaeromyxobacteraceae; Anaeromyxobacter"
tax_303;0;2;0;0;1;0;0;0;O_Proteobacteria;"Bacteria; Proteobacteria; Deltaproteobacteria; Myxococcales; Cystobacterineae; Cystobacteraceae; Cystobacter"
tax_304;1;0;1;0;0;1;0;0;O_Proteobacteria;"Bacteria; Proteobacteria; Deltaproteobacteria; Myxococcales; Cystobacterineae; Cystobacteraceae; Stigmatella"
tax_305;0;0;0;0;0;0;24;0;O_Proteobacteria;"Bacteria; Proteobacteria; Deltaproteobacteria; Myxococcales; Cystobacterineae; Myxococcaceae; Myxococcus"
tax_306;1;1;0;1;0;0;0;0;O_Proteobacteria;"Bacteria; Proteobacteria; Deltaproteobacteria; Myxococcales; Nannocystineae; Kofleriaceae; Haliangium"
tax_307;0;1;0;0;0;0;1;0;O_Proteobacteria;"Bacteria; Proteobacteria; Deltaproteobacteria; Myxococcales; Nannocystineae; Nannocystaceae; Plesiocystis"
tax_308;0;0;0;1;22;2;2;6;O_Proteobacteria;"Bacteria; Proteobacteria; Deltaproteobacteria; Myxococcales; Sorangiineae; Polyangiaceae; Sorangium"
tax_309;0;0;0;0;1;0;0;0;O_Proteobacteria;"Bacteria; Proteobacteria; Deltaproteobacteria; Syntrophobacterales; Syntrophobacteraceae; Syntrophobacter"
tax_310;0;2;0;0;0;1;0;0;O_Proteobacteria;"Bacteria; Proteobacteria; Epsilonproteobacteria; Campylobacterales; Campylobacteraceae; Campylobacter"
tax_311;0;0;0;1;0;0;0;0;O_Proteobacteria;"Bacteria; Proteobacteria; Epsilonproteobacteria; Campylobacterales; Campylobacteraceae; Sulfurospirillum"
tax_312;0;1;0;0;1;1;1;1;O_Proteobacteria;"Bacteria; Proteobacteria; Epsilonproteobacteria; Campylobacterales; Helicobacteraceae; Helicobacter"
tax_313;1;0;0;0;0;0;1;0;O_Proteobacteria;"Bacteria; Proteobacteria; Epsilonproteobacteria; Campylobacterales; Helicobacteraceae; Sulfurimonas"
tax_314;0;0;0;0;0;0;1;0;O_Proteobacteria;"Bacteria; Proteobacteria; Epsilonproteobacteria; Nautiliales; Nautiliaceae; Caminibacter"
tax_315;0;1;0;0;0;0;0;0;O_Proteobacteria;"Bacteria; Proteobacteria; Epsilonproteobacteria; Nautiliales; Nautiliaceae; Nautilia"
tax_316;0;0;1;0;0;0;0;0;O_Proteobacteria;"Bacteria; Proteobacteria; Epsilonproteobacteria; Sulfurovum"
tax_317;0;1;0;0;0;0;0;2;O_Proteobacteria;"Bacteria; Proteobacteria; Gammaproteobacteria; Aeromonadales; Aeromonadaceae; Aeromonas"
tax_318;0;0;0;0;0;0;1;0;O_Proteobacteria;"Bacteria; Proteobacteria; Gammaproteobacteria; Alteromonadales; Alteromonadaceae; Alteromonas"
tax_319;1;3;1;0;0;0;0;0;O_Proteobacteria;"Bacteria; Proteobacteria; Gammaproteobacteria; Alteromonadales; Alteromonadaceae; Marinobacter"
tax_320;0;0;0;0;0;0;0;1;O_Proteobacteria;"Bacteria; Proteobacteria; Gammaproteobacteria; Alteromonadales; Alteromonadaceae; Saccharophagus"
tax_321;0;0;0;0;0;1;0;0;O_Proteobacteria;"Bacteria; Proteobacteria; Gammaproteobacteria; Alteromonadales; Idiomarinaceae; Idiomarina"
tax_322;0;0;0;1;1;1;0;0;O_Proteobacteria;"Bacteria; Proteobacteria; Gammaproteobacteria; Alteromonadales; Moritellaceae; Moritella"
tax_323;0;1;0;0;0;0;0;0;O_Proteobacteria;"Bacteria; Proteobacteria; Gammaproteobacteria; Alteromonadales; Pseudoalteromonadaceae; Pseudoalteromonas"
tax_324;0;0;0;0;1;0;0;0;O_Proteobacteria;"Bacteria; Proteobacteria; Gammaproteobacteria; Alteromonadales; Psychromonadaceae; Psychromonas"
tax_325;0;10;1;2;2;3;0;1;O_Proteobacteria;"Bacteria; Proteobacteria; Gammaproteobacteria; Alteromonadales; Shewanellaceae; Shewanella"
tax_326;0;0;0;0;1;0;0;0;O_Proteobacteria;"Bacteria; Proteobacteria; Gammaproteobacteria; Chromatiales; Chromatiaceae; Thiocystis"
tax_327;0;0;0;0;1;0;0;0;O_Proteobacteria;"Bacteria; Proteobacteria; Gammaproteobacteria; Chromatiales; Ectothiorhodospiraceae; Nitrococcus"
tax_328;0;0;1;0;0;0;0;0;O_Proteobacteria;"Bacteria; Proteobacteria; Gammaproteobacteria; Chromatiales; Ectothiorhodospiraceae; Thioalkalivibrio"
tax_329;0;0;0;1;0;0;1;0;O_Proteobacteria;"Bacteria; Proteobacteria; Gammaproteobacteria; Enterobacteriales; Enterobacteriaceae; Citrobacter"
tax_330;0;0;3;0;1;0;0;1;O_Proteobacteria;"Bacteria; Proteobacteria; Gammaproteobacteria; Enterobacteriales; Enterobacteriaceae; Cronobacter"
tax_331;0;0;0;0;1;0;0;1;O_Proteobacteria;"Bacteria; Proteobacteria; Gammaproteobacteria; Enterobacteriales; Enterobacteriaceae; Dickeya"
tax_332;0;0;0;1;0;0;0;0;O_Proteobacteria;"Bacteria; Proteobacteria; Gammaproteobacteria; Enterobacteriales; Enterobacteriaceae; Enterobacter; Enterobacter cloacae complex"
tax_333;0;1;1;1;1;1;0;0;O_Proteobacteria;"Bacteria; Proteobacteria; Gammaproteobacteria; Enterobacteriales; Enterobacteriaceae; Erwinia"
tax_334;0;1;5;3;3;13;8;2;O_Proteobacteria;"Bacteria; Proteobacteria; Gammaproteobacteria; Enterobacteriales; Enterobacteriaceae; Escherichia"
tax_335;0;0;0;0;1;0;1;0;O_Proteobacteria;"Bacteria; Proteobacteria; Gammaproteobacteria; Enterobacteriales; Enterobacteriaceae; Klebsiella"
tax_336;0;0;6;0;1;2;0;0;O_Proteobacteria;"Bacteria; Proteobacteria; Gammaproteobacteria; Enterobacteriales; Enterobacteriaceae; Pantoea"
tax_337;0;1;0;0;1;1;1;0;O_Proteobacteria;"Bacteria; Proteobacteria; Gammaproteobacteria; Enterobacteriales; Enterobacteriaceae; Pectobacterium"
tax_338;1;0;20;0;0;40;0;0;O_Proteobacteria;"Bacteria; Proteobacteria; Gammaproteobacteria; Enterobacteriales; Enterobacteriaceae; Photorhabdus"
tax_339;0;0;0;0;4;0;0;0;O_Proteobacteria;"Bacteria; Proteobacteria; Gammaproteobacteria; Enterobacteriales; Enterobacteriaceae; Proteus"
tax_340;0;0;0;0;0;0;1;1;O_Proteobacteria;"Bacteria; Proteobacteria; Gammaproteobacteria; Enterobacteriales; Enterobacteriaceae; Providencia"
tax_341;1;1;1;0;3;3;3;1;O_Proteobacteria;"Bacteria; Proteobacteria; Gammaproteobacteria; Enterobacteriales; Enterobacteriaceae; Salmonella"
tax_342;30;0;22;0;0;18;10;9;O_Proteobacteria;"Bacteria; Proteobacteria; Gammaproteobacteria; Enterobacteriales; Enterobacteriaceae; Salmonella; Salmonella enterica subsp. enterica serovar Typhi"
tax_343;0;0;2;1;1;2;2;2;O_Proteobacteria;"Bacteria; Proteobacteria; Gammaproteobacteria; Enterobacteriales; Enterobacteriaceae; Shigella"
tax_344;0;1;3;0;3;0;1;1;O_Proteobacteria;"Bacteria; Proteobacteria; Gammaproteobacteria; Enterobacteriales; Enterobacteriaceae; Yersinia"
tax_345;0;0;1;0;1;1;3;0;O_Proteobacteria;"Bacteria; Proteobacteria; Gammaproteobacteria; Legionellales; Coxiellaceae; Coxiella"
tax_346;1;1;0;0;3;4;3;4;O_Proteobacteria;"Bacteria; Proteobacteria; Gammaproteobacteria; Legionellales; Legionellaceae; Legionella"
tax_347;0;0;0;0;0;0;1;0;O_Proteobacteria;"Bacteria; Proteobacteria; Gammaproteobacteria; Methylococcales; Methylococcaceae; Methylococcus"
tax_348;0;0;0;0;0;0;1;0;O_Proteobacteria;"Bacteria; Proteobacteria; Gammaproteobacteria; OMG group; BD1-7 clade"
tax_349;0;1;0;0;0;0;0;0;O_Proteobacteria;"Bacteria; Proteobacteria; Gammaproteobacteria; OMG group; OM60 clade"
tax_350;2;1;1;0;4;0;0;4;O_Proteobacteria;"Bacteria; Proteobacteria; Gammaproteobacteria; OMG group; SAR92 clade"
tax_351;0;0;0;0;1;0;0;0;O_Proteobacteria;"Bacteria; Proteobacteria; Gammaproteobacteria; Oceanospirillales; Alcanivoracaceae; Alcanivorax"
tax_352;0;2;0;0;0;0;0;0;O_Proteobacteria;"Bacteria; Proteobacteria; Gammaproteobacteria; Oceanospirillales; Alcanivoracaceae; Kangiella"
tax_353;2;0;1;4;7;1;6;1;O_Proteobacteria;"Bacteria; Proteobacteria; Gammaproteobacteria; Oceanospirillales; Bermanella"
tax_354;1;0;0;0;0;0;0;0;O_Proteobacteria;"Bacteria; Proteobacteria; Gammaproteobacteria; Oceanospirillales; Halomonadaceae; Chromohalobacter"
tax_355;0;1;0;0;0;0;0;0;O_Proteobacteria;"Bacteria; Proteobacteria; Gammaproteobacteria; Pasteurellales; Pasteurellaceae; Actinobacillus"
tax_356;0;1;0;0;0;0;0;1;O_Proteobacteria;"Bacteria; Proteobacteria; Gammaproteobacteria; Pasteurellales; Pasteurellaceae; Haemophilus"
tax_357;0;2;0;0;0;0;0;0;O_Proteobacteria;"Bacteria; Proteobacteria; Gammaproteobacteria; Pasteurellales; Pasteurellaceae; Histophilus"
tax_358;2;3;3;1;10;5;14;7;O_Proteobacteria;"Bacteria; Proteobacteria; Gammaproteobacteria; Pasteurellales; Pasteurellaceae; Mannheimia"
tax_359;0;0;0;0;0;1;0;2;O_Proteobacteria;"Bacteria; Proteobacteria; Gammaproteobacteria; Pasteurellales; Pasteurellaceae; Pasteurella"
tax_360;0;0;0;1;0;0;0;0;O_Proteobacteria;"Bacteria; Proteobacteria; Gammaproteobacteria; Pseudomonadales; Moraxellaceae; Acinetobacter"
tax_361;0;1;0;0;0;0;0;0;O_Proteobacteria;"Bacteria; Proteobacteria; Gammaproteobacteria; Pseudomonadales; Moraxellaceae; Acinetobacter; Acinetobacter calcoaceticus/baumannii complex"
tax_362;0;2;0;0;0;0;0;0;O_Proteobacteria;"Bacteria; Proteobacteria; Gammaproteobacteria; Pseudomonadales; Moraxellaceae; Psychrobacter"
tax_363;0;1;0;0;0;0;0;0;O_Proteobacteria;"Bacteria; Proteobacteria; Gammaproteobacteria; Pseudomonadales; Pseudomonadaceae; Azotobacter"
tax_364;1;2;0;1;0;0;0;0;O_Proteobacteria;"Bacteria; Proteobacteria; Gammaproteobacteria; Pseudomonadales; Pseudomonadaceae; Cellvibrio"
tax_365;0;1;4;0;6;1;0;6;O_Proteobacteria;"Bacteria; Proteobacteria; Gammaproteobacteria; Pseudomonadales; Pseudomonadaceae; Pseudomonas"
tax_366;1;0;0;0;0;0;0;0;O_Proteobacteria;"Bacteria; Proteobacteria; Gammaproteobacteria; Pseudomonadales; Pseudomonadaceae; Pseudomonas; Pseudomonas amygdali"
tax_367;0;0;0;1;1;0;0;0;O_Proteobacteria;"Bacteria; Proteobacteria; Gammaproteobacteria; Pseudomonadales; Pseudomonadaceae; Pseudomonas; Pseudomonas coronafaciens"
tax_368;5;4;4;2;15;1;18;11;O_Proteobacteria;"Bacteria; Proteobacteria; Gammaproteobacteria; Reinekea"
tax_369;0;0;0;0;1;2;0;0;O_Proteobacteria;"Bacteria; Proteobacteria; Gammaproteobacteria; Thiotrichales; Francisellaceae; Francisella"
tax_370;0;1;0;0;0;0;0;0;O_Proteobacteria;"Bacteria; Proteobacteria; Gammaproteobacteria; Thiotrichales; Piscirickettsiaceae; Methylophaga"
tax_371;0;0;0;0;0;2;0;0;O_Proteobacteria;"Bacteria; Proteobacteria; Gammaproteobacteria; Thiotrichales; Thiotrichaceae; Beggiatoa"
tax_372;0;0;0;0;0;0;2;0;O_Proteobacteria;"Bacteria; Proteobacteria; Gammaproteobacteria; Vibrionales; Vibrionaceae; Aliivibrio"
tax_373;0;0;0;0;1;0;0;0;O_Proteobacteria;"Bacteria; Proteobacteria; Gammaproteobacteria; Vibrionales; Vibrionaceae; Grimontia"
tax_374;0;1;1;2;3;0;1;0;O_Proteobacteria;"Bacteria; Proteobacteria; Gammaproteobacteria; Vibrionales; Vibrionaceae; Photobacterium"
tax_375;16;5;29;16;10;19;131;7;O_Proteobacteria;"Bacteria; Proteobacteria; Gammaproteobacteria; Vibrionales; Vibrionaceae; Vibrio"
tax_376;0;0;0;0;0;1;0;0;O_Proteobacteria;"Bacteria; Proteobacteria; Gammaproteobacteria; Vibrionales; unclassified Vibrionales"
tax_377;0;1;0;0;0;0;0;0;O_Proteobacteria;"Bacteria; Proteobacteria; Gammaproteobacteria; Xanthomonadales; Xanthomonadaceae; Stenotrophomonas"
tax_378;0;1;0;2;0;0;0;0;O_Proteobacteria;"Bacteria; Proteobacteria; Gammaproteobacteria; Xanthomonadales; Xanthomonadaceae; Stenotrophomonas; Stenotrophomonas maltophilia group"
tax_379;0;1;0;0;2;0;3;1;O_Proteobacteria;"Bacteria; Proteobacteria; Gammaproteobacteria; Xanthomonadales; Xanthomonadaceae; Xanthomonas"
tax_380;0;1;0;0;0;0;0;0;O_Proteobacteria;"Bacteria; Proteobacteria; Gammaproteobacteria; sulfur-oxidizing symbionts; Candidatus Ruthia"
tax_381;0;0;0;1;0;0;0;0;O_Proteobacteria;"Bacteria; Proteobacteria; Gammaproteobacteria; sulfur-oxidizing symbionts; Endoriftia"
tax_382;0;1;0;0;0;0;0;0;O_Proteobacteria;"Bacteria; Proteobacteria; Zetaproteobacteria; Mariprofundales; Mariprofundaceae; Mariprofundus"
tax_383;3;0;0;0;0;0;0;0;O_Bacteria;"Bacteria; Spirochaetes; Leptospirales; Leptospiraceae; Leptospira"
tax_384;0;0;0;0;0;1;0;0;O_Bacteria;"Bacteria; Spirochaetes; Spirochaetales; Borreliaceae; Borrelia"
tax_385;0;1;0;0;0;0;0;0;O_Bacteria;"Bacteria; Spirochaetes; Spirochaetales; Brachyspiraceae; Brachyspira"
tax_386;0;0;0;0;1;0;0;0;O_Bacteria;"Bacteria; Spirochaetes; Spirochaetales; Leptospiraceae; Leptospira"
tax_387;1;0;0;0;0;0;0;0;O_Bacteria;"Bacteria; Spirochaetes; Spirochaetales; Spirochaetaceae; Borrelia"
tax_388;1;0;1;0;2;0;1;0;O_Bacteria;"Bacteria; Spirochaetes; Spirochaetales; Spirochaetaceae; Borrelia; Borrelia burgdorferi group"
tax_389;0;2;0;3;4;1;1;1;O_Bacteria;"Bacteria; Spirochaetes; Spirochaetales; Spirochaetaceae; Treponema"
tax_390;0;1;0;1;1;1;0;0;O_Bacteria;"Bacteria; Synergistetes; Synergistia; Synergistales; Synergistaceae; Dethiosulfovibrio"
tax_391;0;2;0;0;0;0;0;0;O_Bacteria;"Bacteria; Synergistetes; Synergistia; Synergistales; Synergistaceae; Jonquetella"
tax_392;0;3;0;0;13;2;0;0;O_Bacteria;"Bacteria; Tenericutes; Mollicutes; Acholeplasmatales; Acholeplasmataceae; Acholeplasma"
tax_393;0;1;0;0;0;0;0;0;O_Bacteria;"Bacteria; Tenericutes; Mollicutes; Acholeplasmatales; Acholeplasmataceae; Candidatus Phytoplasma; 16SrX (Apple proliferation group)"
tax_394;3;2;1;5;3;0;0;0;O_Bacteria;"Bacteria; Tenericutes; Mollicutes; Mycoplasmataceae; Mycoplasma"
tax_395;0;1;0;0;0;1;0;0;O_Bacteria;"Bacteria; Tenericutes; Mollicutes; Mycoplasmataceae; Ureaplasma"
tax_396;0;2;0;0;0;0;0;0;O_Bacteria;"Bacteria; Thermobaculum"
tax_397;0;1;0;0;0;0;0;0;O_Bacteria;"Bacteria; Thermotogae; Thermotogales; Thermotogaceae; Fervidobacterium"
tax_398;0;0;0;1;0;0;0;0;O_Bacteria;"Bacteria; Thermotogae; Thermotogales; Thermotogaceae; Kosmotoga"
tax_399;0;0;0;2;2;1;0;0;O_Bacteria;"Bacteria; Thermotogae; Thermotogales; Thermotogaceae; Marinitoga"
tax_400;2;0;0;0;0;0;0;0;O_Bacteria;"Bacteria; Thermotogae; Thermotogales; Thermotogaceae; Petrotoga"
tax_401;0;1;0;0;0;0;0;0;O_Bacteria;"Bacteria; Thermotogae; Thermotogales; Thermotogaceae; Thermosipho"
tax_402;0;2;0;0;1;0;0;0;O_Bacteria;"Bacteria; Thermotogae; Thermotogales; Thermotogaceae; Thermotoga"
tax_403;0;0;0;0;0;0;0;2;O_Bacteria;"Bacteria; Verrucomicrobia; Spartobacteria; Chthoniobacter"
tax_404;0;2;0;0;1;1;0;0;O_Bacteria;"Bacteria; Verrucomicrobia; Verrucomicrobiae; Verrucomicrobiales; Verrucomicrobia subdivision 3; Pedosphaera"
tax_405;1;0;0;0;4;0;0;0;O_Bacteria;"Bacteria; Verrucomicrobia; Verrucomicrobiae; Verrucomicrobiales; Verrucomicrobiaceae; Akkermansia"
tax_406;0;0;1;0;0;0;0;0;O_Bacteria;"Bacteria; Verrucomicrobia; Verrucomicrobiae; Verrucomicrobiales; Verrucomicrobiaceae; Verrucomicrobium"
tax_407;0;2;3;10;4;1;1;0;O_Bacteria;"Bacteria; environmental samples"
tax_408;0;3;0;0;0;3;2;0;Discard;"Eukaryota; Alveolata; Apicomplexa; Aconoidasida; Haemosporida; Plasmodiidae; Plasmodium; Plasmodium (Laverania)"
tax_409;7;1;0;1;2;0;1;2;Discard;"Eukaryota; Alveolata; Apicomplexa; Aconoidasida; Haemosporida; Plasmodiidae; Plasmodium; Plasmodium (Plasmodium)"
tax_410;1;10;1;0;1;1;0;0;Discard;"Eukaryota; Alveolata; Apicomplexa; Aconoidasida; Haemosporida; Plasmodiidae; Plasmodium; Plasmodium (Vinckeia)"
tax_411;0;0;0;0;1;0;0;0;Discard;"Eukaryota; Alveolata; Apicomplexa; Aconoidasida; Piroplasmida; Babesiidae; Babesia"
tax_412;0;1;0;0;0;0;0;2;Discard;"Eukaryota; Alveolata; Apicomplexa; Aconoidasida; Piroplasmida; Theileriidae; Theileria"
tax_413;0;1;0;0;1;1;0;0;Discard;"Eukaryota; Alveolata; Apicomplexa; Conoidasida; Coccidia; Eucoccidiorida; Eimeriorina; Cryptosporidiidae; Cryptosporidium"
tax_414;0;1;0;0;0;1;1;0;Discard;"Eukaryota; Alveolata; Apicomplexa; Conoidasida; Coccidia; Eucoccidiorida; Eimeriorina; Sarcocystidae; Toxoplasma"
tax_415;2;5;0;0;4;1;3;3;Discard;"Eukaryota; Alveolata; Ciliophora; Intramacronucleata; Oligohymenophorea; Hymenostomatida; Tetrahymenina; Tetrahymenidae; Tetrahymena"
tax_416;1;8;1;1;2;3;2;4;Discard;"Eukaryota; Alveolata; Ciliophora; Intramacronucleata; Oligohymenophorea; Peniculida; Parameciidae; Paramecium"
tax_417;1;41;1;0;13;6;4;3;Discard;"Eukaryota; Alveolata; Perkinsea; Perkinsida; Perkinsidae; Perkinsus"
tax_418;1;3;0;1;4;3;1;0;Discard;"Eukaryota; Amoebozoa; Archamoebae; Entamoebidae; Entamoeba"
tax_419;1;4;2;5;1;2;0;0;Discard;"Eukaryota; Amoebozoa; Mycetozoa; Dictyosteliida; Dictyostelium"
tax_420;0;1;0;0;0;0;0;0;Discard;"Eukaryota; Choanoflagellida; Codonosigidae; Codosiga"
tax_421;0;3;3;0;2;0;0;8;Discard;"Eukaryota; Choanoflagellida; Codonosigidae; Monosiga"
tax_422;1;2;1;0;1;2;0;0;Discard;"Eukaryota; Diplomonadida; Hexamitidae; Giardiinae; Giardia"
tax_423;1;0;0;0;0;0;0;0;Discard;"Eukaryota; Euglenozoa; Kinetoplastida; Bodonidae; Bodo"
tax_424;0;0;0;0;1;0;0;1;Discard;"Eukaryota; Euglenozoa; Kinetoplastida; Trypanosomatidae; Leishmania"
tax_425;0;1;0;0;0;0;0;0;Discard;"Eukaryota; Euglenozoa; Kinetoplastida; Trypanosomatidae; Leishmania; Leishmania braziliensis species complex"
tax_426;2;2;0;0;0;0;0;4;Discard;"Eukaryota; Euglenozoa; Kinetoplastida; Trypanosomatidae; Leishmaniinae; Leishmania"
tax_427;1;0;3;0;1;1;1;1;Discard;"Eukaryota; Euglenozoa; Kinetoplastida; Trypanosomatidae; Leishmaniinae; Leishmania; Leishmania braziliensis species complex"
tax_428;0;5;1;2;28;3;0;3;Discard;"Eukaryota; Euglenozoa; Kinetoplastida; Trypanosomatidae; Trypanosoma"
tax_429;1;0;1;1;1;2;0;3;Discard;"Eukaryota; Euglenozoa; Kinetoplastida; Trypanosomatidae; Trypanosoma; Schizotrypanum"
tax_430;1;1;0;1;0;1;0;4;Discard;"Eukaryota; Fungi; Dikarya; Ascomycota; Pezizomycotina; Dothideomycetes; Pleosporomycetidae; Pleosporales; Pleosporineae; Phaeosphaeriaceae; Parastagonospora"
tax_431;0;0;0;1;0;0;1;1;Discard;"Eukaryota; Fungi; Dikarya; Ascomycota; Pezizomycotina; Dothideomycetes; Pleosporomycetidae; Pleosporales; Pleosporineae; Pleosporaceae; Pyrenophora"
tax_432;2;9;3;1;14;3;5;6;Discard;"Eukaryota; Fungi; Dikarya; Ascomycota; Pezizomycotina; Eurotiomycetes; Eurotiomycetidae; Eurotiales; Aspergillaceae; Aspergillus"
tax_433;0;1;0;0;5;0;0;0;Discard;"Eukaryota; Fungi; Dikarya; Ascomycota; Pezizomycotina; Eurotiomycetes; Eurotiomycetidae; Eurotiales; Aspergillaceae; Neosartorya"
tax_434;0;0;1;2;0;3;2;2;Discard;"Eukaryota; Fungi; Dikarya; Ascomycota; Pezizomycotina; Eurotiomycetes; Eurotiomycetidae; Eurotiales; Aspergillaceae; Penicillium; Penicillium chrysogenum complex"
tax_435;15;3;4;0;131;16;34;26;Discard;"Eukaryota; Fungi; Dikarya; Ascomycota; Pezizomycotina; Eurotiomycetes; Eurotiomycetidae; Eurotiales; Trichocomaceae; Talaromyces"
tax_436;0;0;0;0;0;1;0;0;Discard;"Eukaryota; Fungi; Dikarya; Ascomycota; Pezizomycotina; Eurotiomycetes; Eurotiomycetidae; Eurotiales; Trichocomaceae; mitosporic Trichocomaceae; Aspergillus"
tax_437;0;0;0;0;1;0;0;1;Discard;"Eukaryota; Fungi; Dikarya; Ascomycota; Pezizomycotina; Eurotiomycetes; Eurotiomycetidae; Onygenales; Ajellomycetaceae; Blastomyces"
tax_438;1;0;0;1;0;3;0;0;Discard;"Eukaryota; Fungi; Dikarya; Ascomycota; Pezizomycotina; Eurotiomycetes; Eurotiomycetidae; Onygenales; Ajellomycetaceae; Histoplasma"
tax_439;0;0;1;0;0;0;0;0;Discard;"Eukaryota; Fungi; Dikarya; Ascomycota; Pezizomycotina; Eurotiomycetes; Eurotiomycetidae; Onygenales; Arthrodermataceae; Arthroderma"
tax_440;0;1;0;1;0;3;0;1;Discard;"Eukaryota; Fungi; Dikarya; Ascomycota; Pezizomycotina; Eurotiomycetes; Eurotiomycetidae; Onygenales; mitosporic Onygenales; Coccidioides"
tax_441;6;0;2;2;20;4;3;3;Discard;"Eukaryota; Fungi; Dikarya; Ascomycota; Pezizomycotina; Eurotiomycetes; Eurotiomycetidae; Onygenales; mitosporic Onygenales; Paracoccidioides"
tax_442;1;1;0;0;1;3;0;0;Discard;"Eukaryota; Fungi; Dikarya; Ascomycota; Pezizomycotina; Leotiomycetes; Helotiales; Sclerotiniaceae; Botrytis"
tax_443;1;11;0;1;1;0;0;0;Discard;"Eukaryota; Fungi; Dikarya; Ascomycota; Pezizomycotina; Leotiomycetes; Helotiales; Sclerotiniaceae; Sclerotinia"
tax_444;0;0;1;0;3;0;0;0;Discard;"Eukaryota; Fungi; Dikarya; Ascomycota; Pezizomycotina; Sordariomycetes; Hypocreomycetidae; Glomerellales; Plectosphaerellaceae; mitosporic Plectosphaerellaceae; Verticillium"
tax_445;3;1;1;0;2;2;0;1;Discard;"Eukaryota; Fungi; Dikarya; Ascomycota; Pezizomycotina; Sordariomycetes; Hypocreomycetidae; Hypocreales; Nectriaceae; Fusarium"
tax_446;0;0;0;0;0;1;1;0;Discard;"Eukaryota; Fungi; Dikarya; Ascomycota; Pezizomycotina; Sordariomycetes; Hypocreomycetidae; Hypocreales; Nectriaceae; Fusarium; Fusarium solani species complex"
tax_447;2;0;2;0;0;1;1;1;Discard;"Eukaryota; Fungi; Dikarya; Ascomycota; Pezizomycotina; Sordariomycetes; Sordariomycetidae; Magnaporthales; Magnaporthaceae; Magnaporthe"
tax_448;2;0;3;0;0;0;4;0;Discard;"Eukaryota; Fungi; Dikarya; Ascomycota; Pezizomycotina; Sordariomycetes; Sordariomycetidae; Sordariales; Chaetomiaceae; Chaetomium"
tax_449;0;2;0;1;0;0;2;0;Discard;"Eukaryota; Fungi; Dikarya; Ascomycota; Pezizomycotina; Sordariomycetes; Sordariomycetidae; Sordariales; Lasiosphaeriaceae; Podospora"
tax_450;2;1;1;0;1;2;3;0;Discard;"Eukaryota; Fungi; Dikarya; Ascomycota; Pezizomycotina; Sordariomycetes; Sordariomycetidae; Sordariales; Sordariaceae; Neurospora"
tax_451;6;0;0;0;9;1;3;1;Discard;"Eukaryota; Fungi; Dikarya; Ascomycota; Saccharomyceta; Pezizomycotina; Leotiomyceta; Eurotiomycetes; Eurotiomycetidae; Eurotiales; Trichocomaceae; Neosartorya"
tax_452;0;0;0;0;0;0;2;0;Discard;"Eukaryota; Fungi; Dikarya; Ascomycota; Saccharomyceta; Saccharomycotina; Saccharomycetes; Saccharomycetales; Saccharomycetaceae; Eremothecium"
tax_453;33;30;5;1;135;62;25;59;Discard;"Eukaryota; Fungi; Dikarya; Ascomycota; Saccharomyceta; Saccharomycotina; Saccharomycetes; Saccharomycetales; Saccharomycetaceae; Kluyveromyces"
tax_454;7;0;5;1;2;1;4;0;Discard;"Eukaryota; Fungi; Dikarya; Ascomycota; Saccharomycotina; Saccharomycetes; Saccharomycetales; Debaryomycetaceae; Candida/Lodderomyces clade; Candida"
tax_455;0;0;0;0;0;4;0;0;Discard;"Eukaryota; Fungi; Dikarya; Ascomycota; Saccharomycotina; Saccharomycetes; Saccharomycetales; Debaryomycetaceae; Candida/Lodderomyces clade; Lodderomyces"
tax_456;0;1;0;0;0;0;0;0;Discard;"Eukaryota; Fungi; Dikarya; Ascomycota; Saccharomycotina; Saccharomycetes; Saccharomycetales; Debaryomycetaceae; Debaryomyces"
tax_457;0;0;0;1;2;3;0;1;Discard;"Eukaryota; Fungi; Dikarya; Ascomycota; Saccharomycotina; Saccharomycetes; Saccharomycetales; Debaryomycetaceae; Meyerozyma"
tax_458;8;2;0;0;16;16;15;9;Discard;"Eukaryota; Fungi; Dikarya; Ascomycota; Saccharomycotina; Saccharomycetes; Saccharomycetales; Debaryomycetaceae; Scheffersomyces"
tax_459;0;1;1;0;0;2;0;2;Discard;"Eukaryota; Fungi; Dikarya; Ascomycota; Saccharomycotina; Saccharomycetes; Saccharomycetales; Dipodascaceae; Yarrowia"
tax_460;0;1;2;0;4;0;0;1;Discard;"Eukaryota; Fungi; Dikarya; Ascomycota; Saccharomycotina; Saccharomycetes; Saccharomycetales; Metschnikowiaceae; Clavispora"
tax_461;0;0;0;0;0;0;0;1;Discard;"Eukaryota; Fungi; Dikarya; Ascomycota; Saccharomycotina; Saccharomycetes; Saccharomycetales; Phaffomycetaceae; Komagataella"
tax_462;0;0;0;0;0;1;0;0;Discard;"Eukaryota; Fungi; Dikarya; Ascomycota; Saccharomycotina; Saccharomycetes; Saccharomycetales; Saccharomycetaceae; Eremothecium"
tax_463;0;0;1;0;1;1;0;0;Discard;"Eukaryota; Fungi; Dikarya; Ascomycota; Saccharomycotina; Saccharomycetes; Saccharomycetales; Saccharomycetaceae; Lachancea"
tax_464;1;0;0;0;0;0;1;1;Discard;"Eukaryota; Fungi; Dikarya; Ascomycota; Saccharomycotina; Saccharomycetes; Saccharomycetales; Saccharomycetaceae; Nakaseomyces; Nakaseomyces/Candida clade"
tax_465;7;9;0;0;18;8;6;6;Discard;"Eukaryota; Fungi; Dikarya; Ascomycota; Saccharomycotina; Saccharomycetes; Saccharomycetales; Saccharomycetaceae; Saccharomyces"
tax_466;0;0;0;0;1;0;0;0;Discard;"Eukaryota; Fungi; Dikarya; Ascomycota; Saccharomycotina; Saccharomycetes; Saccharomycetales; Saccharomycetaceae; Vanderwaltozyma"
tax_467;0;0;0;1;0;0;0;0;Discard;"Eukaryota; Fungi; Dikarya; Ascomycota; Saccharomycotina; Saccharomycetes; Saccharomycetales; Saccharomycetaceae; Zygosaccharomyces"
tax_468;0;1;0;0;0;0;1;0;Discard;"Eukaryota; Fungi; Dikarya; Ascomycota; Taphrinomycotina; Schizosaccharomycetes; Schizosaccharomycetales; Schizosaccharomycetaceae; Schizosaccharomyces"
tax_469;0;0;0;0;1;0;1;2;Discard;"Eukaryota; Fungi; Dikarya; Basidiomycota; Agaricomycotina; Agaricomycetes; Agaricomycetidae; Agaricales; Psathyrellaceae; Coprinopsis"
tax_470;0;0;0;0;1;0;0;2;Discard;"Eukaryota; Fungi; Dikarya; Basidiomycota; Agaricomycotina; Agaricomycetes; Agaricomycetidae; Agaricales; Tricholomataceae; Laccaria"
tax_471;0;0;0;0;3;0;0;0;Discard;"Eukaryota; Fungi; Dikarya; Basidiomycota; Agaricomycotina; Agaricomycetes; Polyporales; Postia"
tax_472;0;0;0;0;1;1;2;2;Discard;"Eukaryota; Fungi; Dikarya; Basidiomycota; Agaricomycotina; Tremellomycetes; Tremellales; Tremellaceae; Filobasidiella; Filobasidiella/Cryptococcus neoformans species complex"
tax_473;0;0;0;0;0;1;0;1;Discard;"Eukaryota; Fungi; Dikarya; Basidiomycota; Ustilaginomycotina; Malasseziomycetes; Malasseziales; Malasseziaceae; Malassezia"
tax_474;1;0;0;0;0;0;1;2;Discard;"Eukaryota; Fungi; Dikarya; Basidiomycota; Ustilaginomycotina; Ustilaginomycetes; Ustilaginales; Ustilaginaceae; Ustilago"
tax_475;0;2;0;1;0;0;0;0;Discard;"Eukaryota; Fungi; Microsporidia; Nosematidae; Nosema"
tax_476;0;0;0;0;0;0;0;1;Discard;"Eukaryota; Fungi; Microsporidia; Unikaryonidae; Encephalitozoon"
tax_477;0;1;0;0;0;0;0;0;Discard;"Eukaryota; Metazoa; Arthropoda; Hexapoda; Insecta; Pterygota; Neoptera; Endopterygota; Diptera; Brachycera; Muscomorpha; Ephydroidea; Drosophilidae; Drosophila"
tax_478;2;0;0;0;0;0;0;0;Discard;"Eukaryota; Metazoa; Arthropoda; Hexapoda; Insecta; Pterygota; Neoptera; Endopterygota; Diptera; Nematocera; Culicoidea; Culicidae; Anophelinae; Anopheles"
tax_479;4;0;0;0;10;1;1;2;Discard;"Eukaryota; Metazoa; Arthropoda; Hexapoda; Insecta; Pterygota; Neoptera; Endopterygota; Diptera; Nematocera; Culicoidea; Culicidae; Culicinae; Culicini; Culex; Culex"
tax_480;0;0;0;0;0;1;0;2;Discard;"Eukaryota; Metazoa; Arthropoda; Hexapoda; Insecta; Pterygota; Neoptera; Endopterygota; Hymenoptera; Apocrita; Aculeata; Apoidea; Apidae; Apis"
tax_481;1;0;0;0;1;1;2;2;Discard;"Eukaryota; Metazoa; Arthropoda; Hexapoda; Insecta; Pterygota; Neoptera; Endopterygota; Hymenoptera; Apocrita; Chalcidoidea; Pteromalidae; Pteromalinae; Nasonia"
tax_482;0;1;0;1;1;0;2;0;Discard;"Eukaryota; Metazoa; Arthropoda; Hexapoda; Insecta; Pterygota; Neoptera; Paraneoptera; Hemiptera; Sternorrhyncha; Aphidiformes; Aphidoidea; Aphididae; Macrosiphini; Acyrthosiphon"
tax_483;22;104;1;1;2;1;0;3;Discard;"Eukaryota; Metazoa; Chordata; Cephalochordata; Branchiostomidae; Branchiostoma"
tax_484;0;0;0;0;1;0;0;0;Discard;"Eukaryota; Metazoa; Chordata; Craniata; Vertebrata; Cyclostomata; Hyperoartia; Petromyzontiformes; Petromyzontidae; Petromyzon"
tax_485;1;2;1;0;3;3;0;2;Discard;"Eukaryota; Metazoa; Chordata; Craniata; Vertebrata; Euteleostomi; Actinopterygii; Neopterygii; Teleostei; Neoteleostei; Acanthomorphata; Eupercaria; Tetraodontiformes; Tetradontoidea; Tetraodontidae; Tetraodon"
tax_486;0;0;0;0;0;0;0;1;Discard;"Eukaryota; Metazoa; Chordata; Craniata; Vertebrata; Euteleostomi; Actinopterygii; Neopterygii; Teleostei; Neoteleostei; Acanthomorphata; Ovalentaria; Cichlomorphae; Cichliformes; Cichlidae; African cichlids; Pseudocrenilabrinae; Oreochromini; Oreochromis"
tax_487;0;0;0;0;1;0;0;0;Discard;"Eukaryota; Metazoa; Chordata; Craniata; Vertebrata; Euteleostomi; Actinopterygii; Neopterygii; Teleostei; Ostariophysi; Cypriniformes; Cyprinidae; Ctenopharyngodon"
tax_488;2;2;1;1;9;0;2;1;Discard;"Eukaryota; Metazoa; Chordata; Craniata; Vertebrata; Euteleostomi; Actinopterygii; Neopterygii; Teleostei; Ostariophysi; Cypriniformes; Cyprinidae; Danio"
tax_489;0;0;0;0;0;1;0;1;Discard;"Eukaryota; Metazoa; Chordata; Craniata; Vertebrata; Euteleostomi; Actinopterygii; Neopterygii; Teleostei; Protacanthopterygii; Salmoniformes; Salmonidae; Salmoninae; Salmo"
tax_490;0;0;0;0;0;1;0;0;Discard;"Eukaryota; Metazoa; Chordata; Craniata; Vertebrata; Euteleostomi; Amphibia; Batrachia; Anura; Neobatrachia; Hyloidea; Craugastoridae; Craugastor"
tax_491;2;0;0;1;1;0;0;0;Discard;"Eukaryota; Metazoa; Chordata; Craniata; Vertebrata; Euteleostomi; Amphibia; Batrachia; Anura; Pipoidea; Pipidae; Xenopodinae; Xenopus; Silurana"
tax_492;0;0;0;0;0;1;0;0;Discard;"Eukaryota; Metazoa; Chordata; Craniata; Vertebrata; Euteleostomi; Archelosauria; Archosauria; Crocodylia; Alligatoridae; Alligatorinae; Alligator"
tax_493;1;0;0;0;0;0;0;0;Discard;"Eukaryota; Metazoa; Chordata; Craniata; Vertebrata; Euteleostomi; Archelosauria; Archosauria; Dinosauria; Saurischia; Theropoda; Coelurosauria; Aves; Neognathae; Galloanserae; Galliformes; Phasianidae; Phasianinae; Gallus"
tax_494;1;1;0;0;0;0;0;1;Discard;"Eukaryota; Metazoa; Chordata; Craniata; Vertebrata; Euteleostomi; Archelosauria; Archosauria; Dinosauria; Saurischia; Theropoda; Coelurosauria; Aves; Neognathae; Passeriformes; Passeroidea; Estrildidae; Estrildinae; Taeniopygia"
tax_495;0;0;0;0;0;0;1;0;Discard;"Eukaryota; Metazoa; Chordata; Craniata; Vertebrata; Euteleostomi; Archelosauria; Archosauria; Dinosauria; Saurischia; Theropoda; Coelurosauria; Aves; Neognathae; Passeriformes; Passeroidea; Estrildidae; Euschistospiza"
tax_496;0;0;0;0;0;0;0;1;Discard;"Eukaryota; Metazoa; Chordata; Craniata; Vertebrata; Euteleostomi; Archelosauria; Archosauria; Dinosauria; Saurischia; Theropoda; Coelurosauria; Aves; Neognathae; Passeriformes; Phylloscopidae; Phylloscopus"
tax_497;0;0;0;0;1;0;0;0;Discard;"Eukaryota; Metazoa; Chordata; Craniata; Vertebrata; Euteleostomi; Archelosauria; Archosauria; Dinosauria; Saurischia; Theropoda; Coelurosauria; Aves; Palaeognathae; Tinamiformes; Tinamidae; Nothoprocta"
tax_498;3;0;0;0;8;13;3;0;Discard;"Eukaryota; Metazoa; Chordata; Craniata; Vertebrata; Euteleostomi; Archosauria; Dinosauria; Saurischia; Theropoda; Coelurosauria; Aves; Neognathae; Galliformes; Phasianidae; Phasianinae; Gallus"
tax_499;1;2;1;0;0;0;0;2;Discard;"Eukaryota; Metazoa; Chordata; Craniata; Vertebrata; Euteleostomi; Archosauria; Dinosauria; Saurischia; Theropoda; Coelurosauria; Aves; Neognathae; Passeriformes; Passeroidea; Estrildidae; Estrildinae; Taeniopygia"
tax_500;0;0;0;0;1;0;0;2;Discard;"Eukaryota; Metazoa; Chordata; Craniata; Vertebrata; Euteleostomi; Mammalia; Eutheria; Euarchontoglires; Glires; Rodentia; Sciurognathi; Muroidea; Muridae; Murinae; Mus"
tax_501;2;9;2;0;4;3;0;4;Discard;"Eukaryota; Metazoa; Chordata; Craniata; Vertebrata; Euteleostomi; Mammalia; Eutheria; Euarchontoglires; Glires; Rodentia; Sciurognathi; Muroidea; Muridae; Murinae; Mus; Mus"
tax_502;4;13;0;22;0;4;3;2;Discard;"Eukaryota; Metazoa; Chordata; Craniata; Vertebrata; Euteleostomi; Mammalia; Eutheria; Euarchontoglires; Glires; Rodentia; Sciurognathi; Muroidea; Muridae; Murinae; Rattus"
tax_503;10;1;0;1;0;3;0;4;Discard;"Eukaryota; Metazoa; Chordata; Craniata; Vertebrata; Euteleostomi; Mammalia; Eutheria; Euarchontoglires; Primates; Haplorrhini; Catarrhini; Cercopithecidae; Cercopithecinae; Macaca"
tax_504;3;6;13;13;5;21;10;39;Discard;"Eukaryota; Metazoa; Chordata; Craniata; Vertebrata; Euteleostomi; Mammalia; Eutheria; Euarchontoglires; Primates; Haplorrhini; Catarrhini; Hominidae; Homo"
tax_505;1;0;2;4;1;1;22;0;Discard;"Eukaryota; Metazoa; Chordata; Craniata; Vertebrata; Euteleostomi; Mammalia; Eutheria; Euarchontoglires; Primates; Haplorrhini; Catarrhini; Hominidae; Pan"
tax_506;0;0;1;0;0;0;0;0;Discard;"Eukaryota; Metazoa; Chordata; Craniata; Vertebrata; Euteleostomi; Mammalia; Eutheria; Euarchontoglires; Primates; Haplorrhini; Catarrhini; Hominidae; Pongo"
tax_507;0;0;1;0;0;0;0;0;Discard;"Eukaryota; Metazoa; Chordata; Craniata; Vertebrata; Euteleostomi; Mammalia; Eutheria; Euarchontoglires; Primates; Haplorrhini; Platyrrhini; Pitheciidae; Callicebinae; Callicebus"
tax_508;2;0;2;0;1;1;0;1;Discard;"Eukaryota; Metazoa; Chordata; Craniata; Vertebrata; Euteleostomi; Mammalia; Eutheria; Laurasiatheria; Carnivora; Caniformia; Canidae; Canis"
tax_509;0;0;1;3;0;0;0;4;Discard;"Eukaryota; Metazoa; Chordata; Craniata; Vertebrata; Euteleostomi; Mammalia; Eutheria; Laurasiatheria; Cetartiodactyla; Ruminantia; Pecora; Bovidae; Bovinae; Bos"
tax_510;0;0;1;0;0;0;0;0;Discard;"Eukaryota; Metazoa; Chordata; Craniata; Vertebrata; Euteleostomi; Mammalia; Eutheria; Laurasiatheria; Cetartiodactyla; Ruminantia; Pecora; Bovidae; Caprinae; Capra"
tax_511;0;0;0;1;0;0;1;1;Discard;"Eukaryota; Metazoa; Chordata; Craniata; Vertebrata; Euteleostomi; Mammalia; Eutheria; Laurasiatheria; Cetartiodactyla; Suina; Suidae; Sus"
tax_512;2;3;6;3;3;3;0;6;Discard;"Eukaryota; Metazoa; Chordata; Craniata; Vertebrata; Euteleostomi; Mammalia; Eutheria; Laurasiatheria; Perissodactyla; Equidae; Equus"
tax_513;0;0;0;0;0;0;1;0;Discard;"Eukaryota; Metazoa; Chordata; Craniata; Vertebrata; Euteleostomi; Mammalia; Eutheria; Xenarthra; Cingulata; Dasypodidae; Dasypus"
tax_514;2;1;0;0;2;1;4;1;Discard;"Eukaryota; Metazoa; Chordata; Craniata; Vertebrata; Euteleostomi; Mammalia; Metatheria; Didelphimorphia; Didelphidae; Monodelphis"
tax_515;1;1;0;2;0;0;1;3;Discard;"Eukaryota; Metazoa; Chordata; Craniata; Vertebrata; Euteleostomi; Mammalia; Monotremata; Ornithorhynchidae; Ornithorhynchus"
tax_516;0;1;0;0;0;0;0;0;Discard;"Eukaryota; Metazoa; Chordata; Tunicata; Appendicularia; Oikopleuridae; Oikopleura"
tax_517;0;1;2;0;1;3;0;1;Discard;"Eukaryota; Metazoa; Chordata; Tunicata; Ascidiacea; Enterogona; Phlebobranchia; Cionidae; Ciona"
tax_518;0;0;0;0;0;0;1;0;Discard;"Eukaryota; Metazoa; Chordata; Tunicata; Ascidiacea; Stolidobranchia; Pyuridae; Halocynthia"
tax_519;11;16;0;0;12;5;17;4;Discard;"Eukaryota; Metazoa; Cnidaria; Anthozoa; Hexacorallia; Actiniaria; Edwardsiidae; Nematostella"
tax_520;0;2;1;1;1;2;1;1;Discard;"Eukaryota; Metazoa; Cnidaria; Hydrozoa; Hydroida; Anthomedusae; Hydridae; Hydra"
tax_521;3;17;0;0;3;1;2;0;Discard;"Eukaryota; Metazoa; Cnidaria; Hydrozoa; Hydroidolina; Anthoathecata; Aplanulata; Hydridae; Hydra"
tax_522;0;0;1;0;0;0;0;0;Discard;"Eukaryota; Metazoa; Cnidaria; Hydrozoa; Hydroidolina; Leptothecata; Campanulariidae; Clytia"
tax_523;6;2;1;0;7;4;5;0;Discard;"Eukaryota; Metazoa; Ecdysozoa; Arthropoda; Chelicerata; Arachnida; Acari; Parasitiformes; Ixodida; Ixodoidea; Ixodidae; Ixodinae; Ixodes"
tax_524;0;0;0;0;0;11;0;0;Discard;"Eukaryota; Metazoa; Ecdysozoa; Arthropoda; Chelicerata; Arachnida; Araneae; Araneomorphae; Entelegynae; Araneoidea; Nephilidae; Nephila"
tax_525;3;1;0;0;23;7;1;5;Discard;"Eukaryota; Metazoa; Ecdysozoa; Arthropoda; Chelicerata; Arachnida; Araneae; Mygalomorphae; Theraphosidae; Haplopelma"
tax_526;0;0;0;0;0;0;1;0;Discard;"Eukaryota; Metazoa; Ecdysozoa; Arthropoda; Crustacea; Malacostraca; Eumalacostraca; Eucarida; Decapoda; Pleocyemata; Astacidea; Astacoidea; Astacidae; Pacifastacus"
tax_527;0;1;0;0;0;0;0;0;Discard;"Eukaryota; Metazoa; Ecdysozoa; Arthropoda; Crustacea; Malacostraca; Eumalacostraca; Eucarida; Decapoda; Pleocyemata; Astacidea; Parastacoidea; Parastacidae; Cherax"
tax_528;0;0;0;0;0;0;0;1;Discard;"Eukaryota; Metazoa; Ecdysozoa; Arthropoda; Crustacea; Malacostraca; Eumalacostraca; Peracarida; Isopoda; Oniscidea; Crinocheta; Porcellionidae; Porcellio"
tax_529;0;1;0;0;0;0;0;0;Discard;"Eukaryota; Metazoa; Ecdysozoa; Arthropoda; Crustacea; Maxillopoda; Copepoda; Siphonostomatoida; Caligidae; Lepeophtheirus"
tax_530;0;0;0;1;0;0;2;1;Discard;"Eukaryota; Metazoa; Ecdysozoa; Arthropoda; Hexapoda; Insecta; Pterygota; Neoptera; Endopterygota; Coleoptera; Polyphaga; Cucujiformia; Tenebrionidae; Tenebrionidae incertae sedis; Tribolium"
tax_531;0;0;3;0;2;1;1;3;Discard;"Eukaryota; Metazoa; Ecdysozoa; Arthropoda; Hexapoda; Insecta; Pterygota; Neoptera; Endopterygota; Diptera; Brachycera; Muscomorpha; Ephydroidea; Drosophilidae; Drosophila"
tax_532;2;0;1;0;0;0;0;1;Discard;"Eukaryota; Metazoa; Ecdysozoa; Arthropoda; Hexapoda; Insecta; Pterygota; Neoptera; Endopterygota; Diptera; Brachycera; Muscomorpha; Ephydroidea; Drosophilidae; Drosophila; Hawaiian Drosophila"
tax_533;4;7;4;7;3;8;2;5;Discard;"Eukaryota; Metazoa; Ecdysozoa; Arthropoda; Hexapoda; Insecta; Pterygota; Neoptera; Endopterygota; Diptera; Brachycera; Muscomorpha; Ephydroidea; Drosophilidae; Drosophila; Sophophora"
tax_534;0;0;0;0;0;0;0;1;Discard;"Eukaryota; Metazoa; Ecdysozoa; Arthropoda; Hexapoda; Insecta; Pterygota; Neoptera; Endopterygota; Diptera; Brachycera; Muscomorpha; Muscoidea; Muscidae; Musca"
tax_535;0;0;1;0;0;0;0;0;Discard;"Eukaryota; Metazoa; Ecdysozoa; Arthropoda; Hexapoda; Insecta; Pterygota; Neoptera; Endopterygota; Diptera; Nematocera; Chironomoidea; Ceratopogonidae; Ceratopogoninae; Culicoides; Monoculicoides"
tax_536;0;1;0;0;2;0;1;0;Discard;"Eukaryota; Metazoa; Ecdysozoa; Arthropoda; Hexapoda; Insecta; Pterygota; Neoptera; Endopterygota; Diptera; Nematocera; Culicoidea; Culicidae; Anophelinae; Anopheles"
tax_537;0;1;0;0;0;1;1;0;Discard;"Eukaryota; Metazoa; Ecdysozoa; Arthropoda; Hexapoda; Insecta; Pterygota; Neoptera; Endopterygota; Diptera; Nematocera; Culicoidea; Culicidae; Culicinae; Aedini; Aedes; Stegomyia"
tax_538;0;3;1;0;1;0;0;2;Discard;"Eukaryota; Metazoa; Ecdysozoa; Arthropoda; Hexapoda; Insecta; Pterygota; Neoptera; Endopterygota; Diptera; Nematocera; Culicoidea; Culicidae; Culicinae; Culicini; Culex; Culex"
tax_539;1;0;0;0;0;0;0;0;Discard;"Eukaryota; Metazoa; Ecdysozoa; Arthropoda; Hexapoda; Insecta; Pterygota; Neoptera; Endopterygota; Hymenoptera; Apocrita; Aculeata; Apoidea; Apidae; Apis"
tax_540;0;1;0;0;0;0;0;0;Discard;"Eukaryota; Metazoa; Ecdysozoa; Arthropoda; Hexapoda; Insecta; Pterygota; Neoptera; Endopterygota; Hymenoptera; Apocrita; Chalcidoidea; Pteromalidae; Cleonyminae; Brachycaudonia"
tax_541;0;1;0;0;0;0;0;0;Discard;"Eukaryota; Metazoa; Ecdysozoa; Arthropoda; Hexapoda; Insecta; Pterygota; Neoptera; Endopterygota; Lepidoptera; Glossata; Ditrysia; Bombycoidea; Bombycidae; Bombycinae; Bombyx"
tax_542;3;7;1;0;6;4;3;1;Discard;"Eukaryota; Metazoa; Ecdysozoa; Arthropoda; Hexapoda; Insecta; Pterygota; Neoptera; Endopterygota; Lepidoptera; Glossata; Ditrysia; Noctuoidea; Noctuidae; Heliothinae; Helicoverpa"
tax_543;0;1;0;0;0;0;0;0;Discard;"Eukaryota; Metazoa; Ecdysozoa; Arthropoda; Hexapoda; Insecta; Pterygota; Neoptera; Endopterygota; Lepidoptera; Glossata; Ditrysia; Papilionoidea; Nymphalidae; Heliconiinae; Heliconiini; Heliconius"
tax_544;0;0;0;0;0;1;0;0;Discard;"Eukaryota; Metazoa; Ecdysozoa; Arthropoda; Hexapoda; Insecta; Pterygota; Neoptera; Endopterygota; Lepidoptera; Glossata; Ditrysia; Papilionoidea; Pieridae; Pierinae; Pieris"
tax_545;0;1;0;0;0;0;0;0;Discard;"Eukaryota; Metazoa; Ecdysozoa; Arthropoda; Hexapoda; Insecta; Pterygota; Neoptera; Paraneoptera; Hemiptera; Sternorrhyncha; Aphidiformes; Aphidoidea; Aphididae; Macrosiphini; Acyrthosiphon"
tax_546;6;16;0;0;34;13;7;6;Discard;"Eukaryota; Metazoa; Ecdysozoa; Arthropoda; Hexapoda; Insecta; Pterygota; Neoptera; Paraneoptera; Phthiraptera; Anoplura; Pediculidae; Pediculus"
tax_547;0;2;0;0;0;2;3;0;Discard;"Eukaryota; Metazoa; Ecdysozoa; Arthropoda; Hexapoda; Insecta; Pterygota; Palaeoptera; Ephemeroptera; Scapphodonta; Ephemeridae; Ephemera"
tax_548;4;3;2;1;5;2;3;1;Discard;"Eukaryota; Metazoa; Ecdysozoa; Nematoda; Chromadorea; Rhabditida; Rhabditoidea; Rhabditidae; Peloderinae; Caenorhabditis"
tax_549;33;7;15;2;51;34;23;45;Discard;"Eukaryota; Metazoa; Ecdysozoa; Nematoda; Chromadorea; Spirurida; Filarioidea; Onchocercidae; Brugia"
tax_550;0;1;0;0;0;0;0;0;Discard;"Eukaryota; Metazoa; Ecdysozoa; Nematoda; Enoplea; Dorylaimia; Trichocephalida; Trichinellidae; Trichinella"
tax_551;0;0;0;1;0;0;0;0;Discard;"Eukaryota; Metazoa; Echinodermata; Eleutherozoa; Asterozoa; Asteroidea; Valvatacea; Valvatida; Asterinidae; Patiria"
tax_552;0;2;1;0;1;1;0;0;Discard;"Eukaryota; Metazoa; Echinodermata; Eleutherozoa; Echinozoa; Echinoidea; Euechinoidea; Echinacea; Echinoida; Strongylocentrotidae; Strongylocentrotus"
tax_553;0;1;0;0;0;0;0;0;Discard;"Eukaryota; Metazoa; Hemichordata; Enteropneusta; Harrimaniidae; Saccoglossus"
tax_554;0;0;0;0;1;0;0;0;Discard;"Eukaryota; Metazoa; Lophotrochozoa; Mollusca; Bivalvia; Pteriomorphia; Ostreoida; Ostreoidea; Ostreidae; Crassostrea"
tax_555;0;0;0;0;0;1;0;0;Discard;"Eukaryota; Metazoa; Lophotrochozoa; Rotifera; Bdelloidea; Adinetida; Adinetidae; Adineta"
tax_556;7;9;0;2;15;9;3;1;Discard;"Eukaryota; Metazoa; Placozoa; Trichoplax"
tax_557;1;7;2;1;17;3;0;1;Discard;"Eukaryota; Metazoa; Platyhelminthes; Trematoda; Digenea; Strigeidida; Schistosomatoidea; Schistosomatidae; Schistosoma"
tax_558;18;16;2;0;221;62;38;39;Discard;"Eukaryota; Metazoa; Porifera; Demospongiae; Hadromerida; Suberitidae; Suberites"
tax_559;2;4;0;0;2;1;3;1;Discard;"Eukaryota; Parabasalia; Trichomonadida; Trichomonadidae; Trichomonas"
tax_560;0;5;0;1;4;0;0;0;Discard;"Eukaryota; Stramenopiles; Bacillariophyta; Bacillariophyceae; Bacillariophycidae; Naviculales; Phaeodactylaceae; Phaeodactylum"
tax_561;0;1;0;0;2;0;0;0;Discard;"Eukaryota; Stramenopiles; Bacillariophyta; Coscinodiscophyceae; Thalassiosirophycidae; Thalassiosirales; Thalassiosiraceae; Thalassiosira"
tax_562;1;0;2;1;18;5;1;1;Discard;"Eukaryota; Stramenopiles; Oomycetes; Peronosporales; Phytophthora"
tax_563;4;0;1;0;8;2;4;4;Discard;"Eukaryota; Viridiplantae; Chlorophyta; Chlorophyceae; Chlamydomonadales; Chlamydomonadaceae; Chlamydomonas"
tax_564;0;0;0;0;0;0;0;1;Discard;"Eukaryota; Viridiplantae; Chlorophyta; Chlorophyceae; Chlamydomonadales; Volvocaceae; Volvox"
tax_565;0;1;1;0;0;1;0;0;Discard;"Eukaryota; Viridiplantae; Chlorophyta; prasinophytes; Mamiellophyceae; Mamiellales; Bathycoccaceae; Ostreococcus"
tax_566;11;20;1;4;9;12;6;0;Discard;"Eukaryota; Viridiplantae; Chlorophyta; prasinophytes; Mamiellophyceae; Mamiellales; Mamiellaceae; Micromonas"
tax_567;0;0;1;5;4;1;0;0;Discard;"Eukaryota; Viridiplantae; Streptophyta; Embryophyta; Bryophyta; Bryophytina; Bryopsida; Funariidae; Funariales; Funariaceae; Physcomitrella"
tax_568;0;0;0;0;1;0;0;0;Discard;"Eukaryota; Viridiplantae; Streptophyta; Embryophyta; Tracheophyta; Spermatophyta; Magnoliophyta; Liliopsida; Araceae; Aroideae; Colocasieae; Colocasia"
tax_569;0;1;1;0;4;0;0;0;Discard;"Eukaryota; Viridiplantae; Streptophyta; Embryophyta; Tracheophyta; Spermatophyta; Magnoliophyta; Liliopsida; Poales; Poaceae; BEP clade; Ehrhartoideae; Oryzeae; Oryza"
tax_570;0;0;0;0;2;0;0;0;Discard;"Eukaryota; Viridiplantae; Streptophyta; Embryophyta; Tracheophyta; Spermatophyta; Magnoliophyta; Liliopsida; Poales; Poaceae; BOP clade; Bambusoideae; Bambuseae; Bambusinae; Bambusa"
tax_571;4;3;15;1;13;3;3;4;Discard;"Eukaryota; Viridiplantae; Streptophyta; Embryophyta; Tracheophyta; Spermatophyta; Magnoliophyta; Liliopsida; Poales; Poaceae; BOP clade; Oryzoideae; Oryzeae; Oryzinae; Oryza"
tax_572;1;1;0;0;0;0;0;1;Discard;"Eukaryota; Viridiplantae; Streptophyta; Embryophyta; Tracheophyta; Spermatophyta; Magnoliophyta; Liliopsida; Poales; Poaceae; BOP clade; Pooideae; Triticodae; Triticeae; Triticinae; Triticum"
tax_573;8;26;2;0;10;3;3;6;Discard;"Eukaryota; Viridiplantae; Streptophyta; Embryophyta; Tracheophyta; Spermatophyta; Magnoliophyta; Liliopsida; Poales; Poaceae; PACMAD clade; Panicoideae; Andropogoneae; Sorghum"
tax_574;0;3;2;2;4;0;3;5;Discard;"Eukaryota; Viridiplantae; Streptophyta; Embryophyta; Tracheophyta; Spermatophyta; Magnoliophyta; Liliopsida; Poales; Poaceae; PACMAD clade; Panicoideae; Andropogoneae; Zea"
tax_575;0;0;0;0;0;0;1;0;Discard;"Eukaryota; Viridiplantae; Streptophyta; Embryophyta; Tracheophyta; Spermatophyta; Magnoliophyta; eudicotyledons; Gunneridae; Pentapetalae; Santalales; Nanodeaceae; Nanodea"
tax_576;0;1;0;0;0;0;0;0;Discard;"Eukaryota; Viridiplantae; Streptophyta; Embryophyta; Tracheophyta; Spermatophyta; Magnoliophyta; eudicotyledons; Gunneridae; Pentapetalae; asterids; campanulids; Asterales; Asteraceae; Asteroideae; Anthemideae; Artemisiinae; Artemisia"
tax_577;0;1;0;0;0;0;0;0;Discard;"Eukaryota; Viridiplantae; Streptophyta; Embryophyta; Tracheophyta; Spermatophyta; Magnoliophyta; eudicotyledons; Gunneridae; Pentapetalae; asterids; lamiids; Gentianales; Apocynaceae; Rauvolfioideae; Vinceae; Catharanthinae; Catharanthus"
tax_578;0;1;0;0;0;0;0;0;Discard;"Eukaryota; Viridiplantae; Streptophyta; Embryophyta; Tracheophyta; Spermatophyta; Magnoliophyta; eudicotyledons; Gunneridae; Pentapetalae; asterids; lamiids; Solanales; Solanaceae; Nicotianoideae; Nicotianeae; Nicotiana"
tax_579;0;0;0;0;1;0;0;0;Discard;"Eukaryota; Viridiplantae; Streptophyta; Embryophyta; Tracheophyta; Spermatophyta; Magnoliophyta; eudicotyledons; Gunneridae; Pentapetalae; asterids; lamiids; Solanales; Solanaceae; Solanoideae; Capsiceae; Capsicum"
tax_580;3;6;1;2;9;5;15;1;Discard;"Eukaryota; Viridiplantae; Streptophyta; Embryophyta; Tracheophyta; Spermatophyta; Magnoliophyta; eudicotyledons; Gunneridae; Pentapetalae; rosids; Vitales; Vitaceae; Vitis"
tax_581;0;6;0;0;0;0;0;0;Discard;"Eukaryota; Viridiplantae; Streptophyta; Embryophyta; Tracheophyta; Spermatophyta; Magnoliophyta; eudicotyledons; Gunneridae; Pentapetalae; rosids; fabids; Cucurbitales; Cucurbitaceae; Benincaseae; Citrullus"
tax_582;1;0;1;0;3;1;0;1;Discard;"Eukaryota; Viridiplantae; Streptophyta; Embryophyta; Tracheophyta; Spermatophyta; Magnoliophyta; eudicotyledons; Gunneridae; Pentapetalae; rosids; fabids; Fabales; Fabaceae; Papilionoideae; Dalbergieae; Arachis"
tax_583;1;0;2;0;0;1;0;2;Discard;"Eukaryota; Viridiplantae; Streptophyta; Embryophyta; Tracheophyta; Spermatophyta; Magnoliophyta; eudicotyledons; Gunneridae; Pentapetalae; rosids; fabids; Fabales; Fabaceae; Papilionoideae; Fabeae; Pisum"
tax_584;9;4;2;0;23;8;7;20;Discard;"Eukaryota; Viridiplantae; Streptophyta; Embryophyta; Tracheophyta; Spermatophyta; Magnoliophyta; eudicotyledons; Gunneridae; Pentapetalae; rosids; fabids; Fabales; Fabaceae; Papilionoideae; Phaseoleae; Glycine; Soja"
tax_585;0;0;1;0;1;0;0;1;Discard;"Eukaryota; Viridiplantae; Streptophyta; Embryophyta; Tracheophyta; Spermatophyta; Magnoliophyta; eudicotyledons; Gunneridae; Pentapetalae; rosids; fabids; Fabales; Fabaceae; Papilionoideae; Trifolieae; Medicago"
tax_586;0;1;0;4;1;0;1;0;Discard;"Eukaryota; Viridiplantae; Streptophyta; Embryophyta; Tracheophyta; Spermatophyta; Magnoliophyta; eudicotyledons; Gunneridae; Pentapetalae; rosids; fabids; Malpighiales; Euphorbiaceae; Acalyphoideae; Acalypheae; Ricinus"
tax_587;1;0;0;0;1;2;5;1;Discard;"Eukaryota; Viridiplantae; Streptophyta; Embryophyta; Tracheophyta; Spermatophyta; Magnoliophyta; eudicotyledons; Gunneridae; Pentapetalae; rosids; fabids; Malpighiales; Salicaceae; Saliceae; Populus"
tax_588;1;3;1;1;5;0;1;3;Discard;"Eukaryota; Viridiplantae; Streptophyta; Embryophyta; Tracheophyta; Spermatophyta; Magnoliophyta; eudicotyledons; Gunneridae; Pentapetalae; rosids; malvids; Brassicales; Brassicaceae; Camelineae; Arabidopsis"
tax_589;0;1;0;0;4;2;0;3;Discard;"Eukaryota; Viridiplantae; Streptophyta; Embryophyta; Tracheophyta; Spermatophyta; Magnoliophyta; eudicotyledons; core eudicotyledons; Vitales; Vitaceae; Vitis"
tax_590;0;0;0;0;0;0;1;0;Discard;"Eukaryota; Viridiplantae; Streptophyta; Embryophyta; Tracheophyta; Spermatophyta; Magnoliophyta; eudicotyledons; core eudicotyledons; rosids; Vitales; Vitaceae; Vitis"
tax_591;0;0;0;2;0;0;0;1;Discard;"Eukaryota; Viridiplantae; Streptophyta; Embryophyta; Tracheophyta; Spermatophyta; Magnoliophyta; eudicotyledons; core eudicotyledons; rosids; eurosids I; Malpighiales; Salicaceae; Saliceae; Populus"
tax_592;8;5;0;0;1;1;1;0;Discard;"Eukaryota; Viridiplantae; Streptophyta; Embryophyta; Tracheophyta; Spermatophyta; Magnoliophyta; eudicotyledons; core eudicotyledons; rosids; fabids; Malpighiales; Salicaceae; Saliceae; Populus"
tax_593;9;0;0;0;5;0;2;1;Discard;"Eukaryota; Viridiplantae; Streptophyta; Embryophyta; Tracheophyta; Spermatophyta; Pinidae; Cupressales; Cupressaceae; Cupressus"
tax_594;1;1;0;6;1;0;0;1;Discard;"Eukaryota; Viridiplantae; Streptophyta; Embryophyta; Tracheophyta; Spermatophyta; Pinidae; Pinales; Pinaceae; Picea"
tax_595;0;0;0;0;0;0;0;2;Discard;"Eukaryota; Viridiplantae; Streptophyta; Embryophyta; Tracheophyta; Spermatophyta; Pinidae; Pinales; Pinaceae; Pinus; Pinus"
tax_596;1;3;1;2;0;0;0;0;Discard;"Viruses; Retro-transcribing viruses; Retroviridae; Orthoretrovirinae; Lentivirus; Primate lentivirus group"
tax_597;1;2;0;0;0;0;0;0;Discard;"Viruses; dsDNA viruses, no RNA stage; Baculoviridae; Alphabaculovirus"
tax_598;0;0;0;0;0;1;0;0;Discard;"Viruses; dsDNA viruses, no RNA stage; Caudovirales; Myoviridae; Phikzlikevirus"
tax_599;0;1;0;0;0;0;0;0;Discard;"Viruses; dsDNA viruses, no RNA stage; Caudovirales; Myoviridae; environmental samples"
tax_600;0;0;0;1;0;0;0;0;Discard;"Viruses; dsDNA viruses, no RNA stage; Caudovirales; Siphoviridae"
tax_601;0;0;0;0;0;1;0;0;Discard;"Viruses; dsDNA viruses, no RNA stage; Herpesvirales; Alloherpesviridae; Ictalurivirus"
tax_602;0;0;0;0;1;1;0;1;Discard;"Viruses; dsDNA viruses, no RNA stage; Herpesvirales; Herpesviridae; Alphaherpesvirinae; Simplexvirus"
tax_603;0;1;0;0;0;1;0;0;Discard;"Viruses; dsDNA viruses, no RNA stage; Herpesvirales; Herpesviridae; Betaherpesvirinae; Cytomegalovirus"
tax_604;0;0;0;0;1;0;0;0;Discard;"Viruses; dsDNA viruses, no RNA stage; Herpesvirales; Herpesviridae; Betaherpesvirinae; Muromegalovirus"
tax_605;0;0;0;0;5;0;0;0;Discard;"Viruses; dsDNA viruses, no RNA stage; Herpesvirales; Herpesviridae; Betaherpesvirinae; Proboscivirus"
tax_606;0;0;1;0;0;0;0;0;Discard;"Viruses; dsDNA viruses, no RNA stage; Herpesvirales; Herpesviridae; Gammaherpesvirinae; Percavirus"
tax_607;0;0;0;0;1;0;0;0;Discard;"Viruses; dsDNA viruses, no RNA stage; Poxviridae; Entomopoxvirinae; Betaentomopoxvirus"
tax_608;0;0;0;0;1;0;0;0;Discard;"Viruses; dsRNA viruses; Hypoviridae; Hypovirus"
tax_609;0;0;0;0;2;0;0;0;Discard;"Viruses; dsRNA viruses; Picobirnaviridae; Picobirnavirus"
tax_610;0;0;0;0;0;1;0;0;Discard;"Viruses; dsRNA viruses; Picobirnaviridae; Picobirnavirus; unclassified Picobirnavirus"
tax_611;0;0;0;1;0;0;0;0;Discard;"Viruses; environmental samples"
tax_612;1;0;0;0;0;0;0;0;Discard;"Viruses; ssDNA viruses; Geminiviridae; Begomovirus"
tax_613;0;0;0;0;3;0;0;0;Discard;"Viruses; ssRNA viruses; ssRNA negative-strand viruses; Mononegavirales; Filoviridae; Ebolavirus"
tax_614;4;0;2;0;0;3;2;0;Discard;"Viruses; ssRNA viruses; ssRNA negative-strand viruses; Orthomyxoviridae; Influenzavirus A"
tax_615;0;0;0;0;0;0;1;2;Discard;"Viruses; ssRNA viruses; ssRNA positive-strand viruses, no DNA stage; Hepeviridae; Hepevirus"
tax_616;0;0;0;0;0;1;0;0;Discard;"Viruses; ssRNA viruses; ssRNA positive-strand viruses, no DNA stage; Nidovirales; Arteriviridae; Arterivirus"
tax_617;1;0;0;0;0;0;0;0;Discard;"Viruses; ssRNA viruses; ssRNA positive-strand viruses, no DNA stage; Picornavirales; Picornaviridae; Enterovirus; unclassified Rhinovirus"
tax_618;1;0;0;0;0;0;0;0;Discard;"Viruses; ssRNA viruses; ssRNA positive-strand viruses, no DNA stage; Picornavirales; Picornaviridae; Teschovirus"
tax_619;0;0;0;0;1;0;0;0;Discard;"Viruses; ssRNA viruses; ssRNA positive-strand viruses, no DNA stage; Togaviridae; Alphavirus"
tax_620;2;0;0;0;0;3;4;2;Discard;"other sequences; artificial sequences; vectors"
tax_621;0;0;13;0;0;0;0;0;Discard;"unclassified sequences; environmental samples"
