"";"domain";"phylum";"class";"order";"family";"genus"
"OTU_0";"Bacteria";"Firmicutes";"Clostridia";"Clostridiales";"Lachnospiraceae";"?"
"OTU_1";"Bacteria";"Firmicutes";"Clostridia";"Clostridiales";"Ruminococcaceae";"?"
"OTU_2";"Bacteria";"Firmicutes";"Clostridia";"Clostridiales";"Ruminococcaceae";"Oscillibacter"
"OTU_3";"Bacteria";"Firmicutes";"Clostridia";"Clostridiales";"?";"?"
"OTU_4";"Bacteria";"Firmicutes";"Clostridia";"Clostridiales";"Ruminococcaceae";"Faecalibacterium"
"OTU_5";"Bacteria";"Firmicutes";"Clostridia";"Clostridiales";"Lachnospiraceae";"?"
"OTU_6";"Bacteria";"Bacteroidetes";"Bacteroidia";"Bacteroidales";"Bacteroidaceae";"Bacteroides"
"OTU_7";"Bacteria";"Proteobacteria";"Betaproteobacteria";"Burkholderiales";"Sutterellaceae";"Parasutterella"
"OTU_8";"Bacteria";"Proteobacteria";"Gammaproteobacteria";"Pasteurellales";"Pasteurellaceae";"Haemophilus"
"OTU_9";"Bacteria";"Firmicutes";"Clostridia";"Clostridiales";"Lachnospiraceae";"Clostridium XlVa"
"OTU_10";"Bacteria";"Firmicutes";"Clostridia";"Clostridiales";"Lachnospiraceae";"Dorea"
"OTU_11";"Bacteria";"Firmicutes";"Clostridia";"Clostridiales";"Ruminococcaceae";"Clostridium IV"
"OTU_12";"Bacteria";"Firmicutes";"Clostridia";"Clostridiales";"Lachnospiraceae";"Blautia"
"OTU_13";"Bacteria";"Proteobacteria";"Alphaproteobacteria";"Rhizobiales";"Hyphomicrobiaceae";"Gemmiger"
"OTU_14";"Bacteria";"Firmicutes";"Clostridia";"Clostridiales";"Lachnospiraceae";"?"
"OTU_15";"Bacteria";"Firmicutes";"Clostridia";"Clostridiales";"Ruminococcaceae";"?"
"OTU_16";"Bacteria";"Bacteroidetes";"Bacteroidia";"Bacteroidales";"Bacteroidaceae";"Bacteroides"
"OTU_17";"Bacteria";"Firmicutes";"Clostridia";"Clostridiales";"Lachnospiraceae";"Lachnospiracea_incertae_sedis"
"OTU_18";"Bacteria";"Firmicutes";"Clostridia";"Clostridiales";"Ruminococcaceae";"Oscillibacter"
"OTU_19";"Bacteria";"Firmicutes";"Clostridia";"Clostridiales";"Ruminococcaceae";"Faecalibacterium"
"OTU_20";"Bacteria";"Firmicutes";"Clostridia";"Clostridiales";"Lachnospiraceae";"Coprococcus"
"OTU_21";"Bacteria";"Firmicutes";"Clostridia";"Clostridiales";"Lachnospiraceae";"?"
"OTU_22";"Bacteria";"Firmicutes";"Clostridia";"Clostridiales";"Lachnospiraceae";"?"
"OTU_23";"Bacteria";"Firmicutes";"Negativicutes";"Selenomonadales";"Acidaminococcaceae";"Acidaminococcus"
"OTU_24";"Bacteria";"Firmicutes";"Clostridia";"Clostridiales";"Lachnospiraceae";"?"
"OTU_25";"Bacteria";"Bacteroidetes";"Bacteroidia";"Bacteroidales";"Bacteroidaceae";"Bacteroides"
"OTU_26";"Bacteria";"Firmicutes";"Clostridia";"Clostridiales";"?";"?"
"OTU_27";"Bacteria";"Firmicutes";"Clostridia";"Clostridiales";"Ruminococcaceae";"Flavonifractor"
"OTU_28";"Bacteria";"Bacteroidetes";"Bacteroidia";"Bacteroidales";"Rikenellaceae";"Alistipes"
"OTU_29";"Bacteria";"Firmicutes";"Clostridia";"Clostridiales";"Lachnospiraceae";"Lachnospiracea_incertae_sedis"
"OTU_30";"Bacteria";"Firmicutes";"Clostridia";"Clostridiales";"Ruminococcaceae";"?"
"OTU_31";"Bacteria";"Firmicutes";"Clostridia";"Clostridiales";"Lachnospiraceae";"Blautia"
"OTU_32";"Bacteria";"Firmicutes";"Clostridia";"Clostridiales";"Ruminococcaceae";"Ruminococcus"
"OTU_33";"Bacteria";"Bacteroidetes";"Bacteroidia";"Bacteroidales";"Bacteroidaceae";"Bacteroides"
"OTU_34";"Bacteria";"Firmicutes";"Clostridia";"Clostridiales";"Lachnospiraceae";"Blautia"
"OTU_35";"Bacteria";"Firmicutes";"Clostridia";"Clostridiales";"?";"?"
"OTU_36";"Bacteria";"Firmicutes";"Clostridia";"Clostridiales";"Ruminococcaceae";"?"
"OTU_37";"Bacteria";"Firmicutes";"Clostridia";"Clostridiales";"Ruminococcaceae";"?"
"OTU_38";"Bacteria";"Firmicutes";"Clostridia";"Clostridiales";"Lachnospiraceae";"Lachnospiracea_incertae_sedis"
"OTU_39";"Bacteria";"Firmicutes";"Clostridia";"Clostridiales";"Ruminococcaceae";"Faecalibacterium"
"OTU_40";"Bacteria";"Firmicutes";"Clostridia";"Clostridiales";"?";"?"
"OTU_41";"Bacteria";"Firmicutes";"Clostridia";"Clostridiales";"Lachnospiraceae";"Roseburia"
"OTU_42";"Bacteria";"Bacteroidetes";"Bacteroidia";"Bacteroidales";"Bacteroidaceae";"Bacteroides"
"OTU_43";"Bacteria";"Bacteroidetes";"Bacteroidia";"Bacteroidales";"Bacteroidaceae";"Bacteroides"
"OTU_44";"Bacteria";"Firmicutes";"Clostridia";"Clostridiales";"Lachnospiraceae";"Coprococcus"
"OTU_45";"Bacteria";"Firmicutes";"Bacilli";"Lactobacillales";"Streptococcaceae";"Streptococcus"
"OTU_46";"Bacteria";"Firmicutes";"Bacilli";"Lactobacillales";"Lactobacillaceae";"Lactobacillus"
"OTU_47";"Bacteria";"Firmicutes";"Clostridia";"Clostridiales";"Ruminococcaceae";"Butyricicoccus"
"OTU_48";"Bacteria";"Firmicutes";"Clostridia";"Clostridiales";"Ruminococcaceae";"?"
"OTU_49";"Bacteria";"Firmicutes";"Clostridia";"Clostridiales";"Lachnospiraceae";"Roseburia"
"OTU_50";"Bacteria";"Firmicutes";"Clostridia";"Clostridiales";"Ruminococcaceae";"?"
"OTU_51";"Bacteria";"Firmicutes";"Clostridia";"Clostridiales";"Lachnospiraceae";"?"
"OTU_52";"Bacteria";"Bacteroidetes";"Bacteroidia";"Bacteroidales";"Porphyromonadaceae";"Odoribacter"
"OTU_53";"Bacteria";"Firmicutes";"Negativicutes";"Selenomonadales";"Veillonellaceae";"Dialister"
"OTU_54";"Bacteria";"Firmicutes";"Clostridia";"Clostridiales";"Ruminococcaceae";"Clostridium IV"
"OTU_55";"Bacteria";"Firmicutes";"Clostridia";"Clostridiales";"?";"?"
"OTU_56";"Bacteria";"Bacteroidetes";"Bacteroidia";"Bacteroidales";"Porphyromonadaceae";"Parabacteroides"
"OTU_57";"Bacteria";"Bacteroidetes";"Bacteroidia";"Bacteroidales";"Bacteroidaceae";"Bacteroides"
"OTU_58";"Bacteria";"Bacteroidetes";"Bacteroidia";"Bacteroidales";"Bacteroidaceae";"Bacteroides"
"OTU_59";"Bacteria";"Bacteroidetes";"Bacteroidia";"Bacteroidales";"Bacteroidaceae";"Bacteroides"
"OTU_60";"Bacteria";"Firmicutes";"Clostridia";"Clostridiales";"Ruminococcaceae";"?"
"OTU_61";"Bacteria";"Firmicutes";"Clostridia";"Clostridiales";"Ruminococcaceae";"Gemmiger"
"OTU_62";"Bacteria";"Firmicutes";"Clostridia";"Clostridiales";"Ruminococcaceae";"Ruminococcus"
"OTU_63";"Bacteria";"Firmicutes";"Clostridia";"Clostridiales";"Peptostreptococcaceae";"Clostridium XI"
"OTU_64";"Bacteria";"Firmicutes";"Clostridia";"Clostridiales";"?";"?"
"OTU_65";"Bacteria";"Firmicutes";"Clostridia";"Clostridiales";"Lachnospiraceae";"Dorea"
"OTU_66";"Bacteria";"Firmicutes";"Clostridia";"Clostridiales";"?";"?"
"OTU_67";"Bacteria";"Firmicutes";"Clostridia";"Clostridiales";"Lachnospiraceae";"?"
"OTU_68";"Bacteria";"Firmicutes";"Clostridia";"Clostridiales";"?";"?"
"OTU_69";"Bacteria";"Firmicutes";"Clostridia";"Clostridiales";"Ruminococcaceae";"?"
"OTU_70";"Bacteria";"Firmicutes";"Clostridia";"Clostridiales";"Lachnospiraceae";"Coprococcus"
"OTU_71";"Bacteria";"Firmicutes";"Clostridia";"Clostridiales";"Ruminococcaceae";"Faecalibacterium"
"OTU_72";"Bacteria";"Firmicutes";"Clostridia";"Clostridiales";"Lachnospiraceae";"Lachnospiracea_incertae_sedis"
"OTU_73";"Bacteria";"Firmicutes";"Clostridia";"Clostridiales";"Ruminococcaceae";"Clostridium IV"
"OTU_74";"Bacteria";"Firmicutes";"Clostridia";"Clostridiales";"?";"?"
"OTU_75";"Bacteria";"Firmicutes";"Clostridia";"Clostridiales";"Lachnospiraceae";"Lachnospiracea_incertae_sedis"
"OTU_76";"Bacteria";"Firmicutes";"Negativicutes";"Selenomonadales";"Veillonellaceae";"Veillonella"
"OTU_77";"Bacteria";"Firmicutes";"Clostridia";"Clostridiales";"Ruminococcaceae";"?"
"OTU_78";"Bacteria";"Firmicutes";"Clostridia";"Clostridiales";"?";"?"
"OTU_79";"Bacteria";"Firmicutes";"Clostridia";"Clostridiales";"Lachnospiraceae";"?"
"OTU_80";"Bacteria";"Firmicutes";"Clostridia";"Clostridiales";"Lachnospiraceae";"?"
"OTU_81";"Bacteria";"Firmicutes";"Clostridia";"Clostridiales";"Ruminococcaceae";"?"
"OTU_82";"Bacteria";"Actinobacteria";"Actinobacteria";"Bifidobacteriales";"Bifidobacteriaceae";"Bifidobacterium"
"OTU_83";"Bacteria";"Firmicutes";"Clostridia";"Clostridiales";"Ruminococcaceae";"Clostridium IV"
"OTU_84";"Bacteria";"Proteobacteria";"Alphaproteobacteria";"Rhizobiales";"Hyphomicrobiaceae";"Gemmiger"
"OTU_85";"Bacteria";"Firmicutes";"Clostridia";"Clostridiales";"Ruminococcaceae";"?"
"OTU_86";"Bacteria";"Firmicutes";"Clostridia";"Clostridiales";"Lachnospiraceae";"Blautia"
"OTU_87";"Bacteria";"Firmicutes";"Clostridia";"Clostridiales";"Ruminococcaceae";"Faecalibacterium"
"OTU_88";"Bacteria";"Firmicutes";"Clostridia";"Clostridiales";"Lachnospiraceae";"Roseburia"
"OTU_89";"Bacteria";"Firmicutes";"Clostridia";"Clostridiales";"?";"?"
"OTU_90";"Bacteria";"Firmicutes";"Erysipelotrichia";"Erysipelotrichales";"Erysipelotrichaceae";"Turicibacter"
"OTU_91";"Bacteria";"Proteobacteria";"Gammaproteobacteria";"Enterobacteriales";"Enterobacteriaceae";"Escherichia/Shigella"
"OTU_92";"Bacteria";"Firmicutes";"?";"?";"?";"?"
"OTU_93";"Bacteria";"Firmicutes";"Clostridia";"Clostridiales";"Ruminococcaceae";"Flavonifractor"
"OTU_94";"Bacteria";"Firmicutes";"Clostridia";"Clostridiales";"Ruminococcaceae";"?"
"OTU_95";"Bacteria";"Firmicutes";"Clostridia";"Clostridiales";"?";"?"
"OTU_96";"Bacteria";"Firmicutes";"Clostridia";"Clostridiales";"Lachnospiraceae";"Coprococcus"
"OTU_97";"Bacteria";"Bacteroidetes";"Bacteroidia";"Bacteroidales";"Porphyromonadaceae";"Parabacteroides"
"OTU_98";"Bacteria";"Firmicutes";"Clostridia";"Clostridiales";"Lachnospiraceae";"Lactonifactor"
"OTU_99";"Bacteria";"Firmicutes";"Clostridia";"Clostridiales";"Ruminococcaceae";"Flavonifractor"
"OTU_100";"Bacteria";"Actinobacteria";"Actinobacteria";"Actinomycetales";"Actinomycetaceae";"Actinomyces"
"OTU_101";"Bacteria";"Firmicutes";"Bacilli";"Lactobacillales";"Streptococcaceae";"Lactococcus"
"OTU_102";"Bacteria";"Firmicutes";"Clostridia";"Clostridiales";"Ruminococcaceae";"?"
"OTU_103";"Bacteria";"Firmicutes";"Bacilli";"Lactobacillales";"Streptococcaceae";"Streptococcus"
"OTU_104";"Bacteria";"Firmicutes";"Clostridia";"Clostridiales";"Lachnospiraceae";"Coprococcus"
"OTU_105";"Bacteria";"Firmicutes";"Clostridia";"Clostridiales";"?";"?"
"OTU_106";"Bacteria";"Firmicutes";"Clostridia";"Clostridiales";"?";"?"
"OTU_107";"Bacteria";"Firmicutes";"Clostridia";"Clostridiales";"?";"?"
"OTU_108";"Bacteria";"Firmicutes";"Bacilli";"Lactobacillales";"Streptococcaceae";"Streptococcus"
"OTU_109";"Bacteria";"Firmicutes";"Clostridia";"Clostridiales";"?";"?"
"OTU_110";"Bacteria";"Firmicutes";"Clostridia";"Clostridiales";"Ruminococcaceae";"?"
"OTU_111";"Bacteria";"Firmicutes";"Clostridia";"Clostridiales";"Lachnospiraceae";"?"
"OTU_112";"Bacteria";"Firmicutes";"Clostridia";"Clostridiales";"Lachnospiraceae";"Clostridium XlVb"
"OTU_113";"Bacteria";"Firmicutes";"Clostridia";"Clostridiales";"Lachnospiraceae";"Coprococcus"
"OTU_114";"Bacteria";"Firmicutes";"Clostridia";"Clostridiales";"Ruminococcaceae";"?"
"OTU_115";"Bacteria";"Firmicutes";"Clostridia";"Clostridiales";"Peptostreptococcaceae";"Clostridium XI"
"OTU_116";"Bacteria";"Firmicutes";"Clostridia";"Clostridiales";"Ruminococcaceae";"Clostridium IV"
"OTU_117";"Bacteria";"Firmicutes";"Clostridia";"Clostridiales";"Lachnospiraceae";"?"
"OTU_118";"Bacteria";"Bacteroidetes";"Bacteroidia";"Bacteroidales";"Prevotellaceae";"?"
"OTU_119";"Bacteria";"Bacteroidetes";"Bacteroidia";"Bacteroidales";"Rikenellaceae";"Alistipes"
"OTU_120";"Bacteria";"Actinobacteria";"Actinobacteria";"Bifidobacteriales";"Bifidobacteriaceae";"Bifidobacterium"
"OTU_121";"Bacteria";"Firmicutes";"Clostridia";"Clostridiales";"?";"?"
"OTU_122";"Bacteria";"Bacteroidetes";"Bacteroidia";"Bacteroidales";"Prevotellaceae";"Paraprevotella"
"OTU_123";"Bacteria";"Firmicutes";"Clostridia";"Clostridiales";"Ruminococcaceae";"Ruminococcus"
"OTU_124";"Bacteria";"Firmicutes";"Erysipelotrichia";"Erysipelotrichales";"Erysipelotrichaceae";"Clostridium XVIII"
"OTU_125";"Bacteria";"Firmicutes";"Clostridia";"Clostridiales";"Ruminococcaceae";"Clostridium IV"
"OTU_126";"Bacteria";"?";"?";"?";"?";"?"
"OTU_127";"Bacteria";"Bacteroidetes";"Bacteroidia";"Bacteroidales";"Prevotellaceae";"Prevotella"
"OTU_128";"Bacteria";"Bacteroidetes";"Bacteroidia";"Bacteroidales";"Bacteroidaceae";"Bacteroides"
"OTU_129";"Bacteria";"Firmicutes";"Clostridia";"Clostridiales";"?";"?"
"OTU_130";"Bacteria";"Firmicutes";"Clostridia";"Clostridiales";"Lachnospiraceae";"Clostridium XlVa"
"OTU_131";"Bacteria";"Firmicutes";"Clostridia";"Clostridiales";"Ruminococcaceae";"?"
"OTU_132";"Bacteria";"Firmicutes";"Clostridia";"Clostridiales";"?";"?"
"OTU_133";"Bacteria";"Firmicutes";"Clostridia";"Clostridiales";"Lachnospiraceae";"Blautia"
"OTU_134";"Bacteria";"Firmicutes";"Erysipelotrichia";"Erysipelotrichales";"Erysipelotrichaceae";"?"
"OTU_135";"Bacteria";"Firmicutes";"Clostridia";"Clostridiales";"Ruminococcaceae";"?"
"OTU_136";"Bacteria";"Firmicutes";"Clostridia";"Clostridiales";"Lachnospiraceae";"?"
"OTU_137";"Bacteria";"Firmicutes";"Clostridia";"Clostridiales";"?";"?"
"OTU_138";"Bacteria";"Firmicutes";"Clostridia";"Clostridiales";"Lachnospiraceae";"Coprococcus"
"OTU_139";"Bacteria";"Actinobacteria";"Actinobacteria";"Actinomycetales";"Actinomycetaceae";"Actinomyces"
"OTU_140";"Bacteria";"Firmicutes";"Clostridia";"Clostridiales";"Ruminococcaceae";"?"
"OTU_141";"Bacteria";"Firmicutes";"Clostridia";"Clostridiales";"Ruminococcaceae";"?"
"OTU_142";"Bacteria";"Firmicutes";"Clostridia";"Clostridiales";"Ruminococcaceae";"?"
"OTU_143";"Bacteria";"?";"?";"?";"?";"?"
"OTU_144";"Bacteria";"Bacteroidetes";"Bacteroidia";"Bacteroidales";"Porphyromonadaceae";"Butyricimonas"
"OTU_145";"Bacteria";"Firmicutes";"Clostridia";"Clostridiales";"Lachnospiraceae";"?"
"OTU_146";"Bacteria";"Firmicutes";"Clostridia";"Clostridiales";"?";"?"
"OTU_147";"Bacteria";"Firmicutes";"Clostridia";"Clostridiales";"Ruminococcaceae";"Anaerofilum"
"OTU_148";"Bacteria";"Firmicutes";"Clostridia";"Clostridiales";"Ruminococcaceae";"?"
"OTU_149";"Bacteria";"Firmicutes";"Clostridia";"Clostridiales";"Ruminococcaceae";"Butyricicoccus"
"OTU_150";"Bacteria";"?";"?";"?";"?";"?"
"OTU_151";"Bacteria";"Firmicutes";"Clostridia";"Clostridiales";"Ruminococcaceae";"?"
"OTU_152";"Bacteria";"Proteobacteria";"Deltaproteobacteria";"Desulfovibrionales";"Desulfovibrionaceae";"Desulfovibrio"
"OTU_153";"Bacteria";"Actinobacteria";"Actinobacteria";"Coriobacteriales";"Coriobacteriaceae";"Gordonibacter"
"OTU_154";"Bacteria";"Firmicutes";"Clostridia";"Clostridiales";"?";"?"
"OTU_155";"Bacteria";"Firmicutes";"Clostridia";"Clostridiales";"Lachnospiraceae";"?"
"OTU_156";"Bacteria";"Firmicutes";"Clostridia";"Clostridiales";"Ruminococcaceae";"?"
"OTU_157";"Bacteria";"Firmicutes";"Clostridia";"Clostridiales";"Ruminococcaceae";"Oscillibacter"
"OTU_158";"Bacteria";"Firmicutes";"Clostridia";"Clostridiales";"Ruminococcaceae";"?"
"OTU_159";"Bacteria";"Firmicutes";"Clostridia";"Clostridiales";"?";"?"
"OTU_160";"Bacteria";"Bacteroidetes";"Bacteroidia";"Bacteroidales";"Bacteroidaceae";"Bacteroides"
"OTU_161";"Bacteria";"Firmicutes";"Clostridia";"Clostridiales";"Ruminococcaceae";"?"
"OTU_162";"Bacteria";"Firmicutes";"Clostridia";"Clostridiales";"Ruminococcaceae";"?"
"OTU_163";"Bacteria";"Actinobacteria";"Actinobacteria";"?";"?";"?"
"OTU_164";"Bacteria";"Actinobacteria";"Actinobacteria";"Coriobacteriales";"Coriobacteriaceae";"Collinsella"
"OTU_165";"Bacteria";"Bacteroidetes";"Bacteroidia";"Bacteroidales";"Rikenellaceae";"Alistipes"
"OTU_166";"Bacteria";"Firmicutes";"Clostridia";"Clostridiales";"?";"?"
"OTU_167";"Bacteria";"Actinobacteria";"Actinobacteria";"Actinomycetales";"?";"?"
"OTU_168";"Bacteria";"Firmicutes";"Clostridia";"Clostridiales";"Ruminococcaceae";"Faecalibacterium"
"OTU_169";"Bacteria";"Firmicutes";"Clostridia";"Clostridiales";"?";"?"
"OTU_170";"Bacteria";"Firmicutes";"Clostridia";"Clostridiales";"Ruminococcaceae";"?"
"OTU_171";"Bacteria";"Firmicutes";"Clostridia";"Clostridiales";"?";"?"
"OTU_172";"Bacteria";"Bacteroidetes";"Bacteroidia";"Bacteroidales";"Bacteroidaceae";"Bacteroides"
"OTU_173";"Bacteria";"Firmicutes";"Bacilli";"Lactobacillales";"Streptococcaceae";"Streptococcus"
"OTU_174";"Bacteria";"Firmicutes";"Bacilli";"Bacillales";"Bacillales_Incertae Sedis XI";"Gemella"
"OTU_175";"Bacteria";"Firmicutes";"Clostridia";"Clostridiales";"Ruminococcaceae";"Clostridium IV"
"OTU_176";"Bacteria";"Bacteroidetes";"Bacteroidia";"Bacteroidales";"Prevotellaceae";"?"
"OTU_177";"Bacteria";"Firmicutes";"?";"?";"?";"?"
"OTU_178";"Bacteria";"Firmicutes";"Clostridia";"Clostridiales";"Lachnospiraceae";"?"
"OTU_179";"Bacteria";"Firmicutes";"Clostridia";"Clostridiales";"Lachnospiraceae";"?"
"OTU_180";"Bacteria";"Firmicutes";"Clostridia";"Clostridiales";"Lachnospiraceae";"?"
"OTU_181";"Bacteria";"Firmicutes";"Clostridia";"Clostridiales";"Ruminococcaceae";"Clostridium IV"
"OTU_182";"Bacteria";"Bacteroidetes";"Bacteroidia";"Bacteroidales";"Rikenellaceae";"Alistipes"
"OTU_183";"Bacteria";"Actinobacteria";"Actinobacteria";"Coriobacteriales";"Coriobacteriaceae";"Olsenella"
"OTU_184";"Bacteria";"Firmicutes";"Clostridia";"Clostridiales";"Lachnospiraceae";"Lachnospiracea_incertae_sedis"
"OTU_185";"Bacteria";"Firmicutes";"?";"?";"?";"?"
"OTU_186";"Bacteria";"Firmicutes";"Clostridia";"Clostridiales";"?";"?"
"OTU_187";"Bacteria";"Firmicutes";"Clostridia";"Clostridiales";"Ruminococcaceae";"?"
"OTU_188";"Bacteria";"Firmicutes";"Clostridia";"Clostridiales";"Ruminococcaceae";"?"
"OTU_189";"Bacteria";"Firmicutes";"Clostridia";"Clostridiales";"Ruminococcaceae";"?"
"OTU_190";"Bacteria";"?";"?";"?";"?";"?"
"OTU_191";"Bacteria";"Firmicutes";"Clostridia";"Clostridiales";"Ruminococcaceae";"Ruminococcus"
"OTU_192";"Bacteria";"Firmicutes";"Clostridia";"Clostridiales";"Ruminococcaceae";"Ruminococcus"
"OTU_193";"Bacteria";"Firmicutes";"Clostridia";"Clostridiales";"Ruminococcaceae";"Ruminococcus"
"OTU_194";"Bacteria";"Actinobacteria";"Actinobacteria";"Coriobacteriales";"Coriobacteriaceae";"Slackia"
"OTU_195";"Bacteria";"Firmicutes";"Clostridia";"Clostridiales";"Lachnospiraceae";"Lachnospiracea_incertae_sedis"
"OTU_196";"Bacteria";"Firmicutes";"Clostridia";"Clostridiales";"Lachnospiraceae";"?"
"OTU_197";"Bacteria";"Firmicutes";"Clostridia";"Clostridiales";"Ruminococcaceae";"?"
"OTU_198";"Bacteria";"Firmicutes";"Clostridia";"Clostridiales";"?";"?"
"OTU_199";"Bacteria";"Firmicutes";"Clostridia";"Clostridiales";"?";"?"
"OTU_200";"Bacteria";"Firmicutes";"Clostridia";"Clostridiales";"Lachnospiraceae";"?"
"OTU_201";"Bacteria";"Firmicutes";"Clostridia";"Clostridiales";"?";"?"
"OTU_202";"Bacteria";"Firmicutes";"Clostridia";"Clostridiales";"Ruminococcaceae";"?"
"OTU_203";"Bacteria";"Firmicutes";"Clostridia";"Clostridiales";"Ruminococcaceae";"?"
"OTU_204";"Bacteria";"?";"?";"?";"?";"?"
"OTU_205";"Bacteria";"Firmicutes";"Clostridia";"Clostridiales";"?";"?"
"OTU_206";"Bacteria";"Firmicutes";"Clostridia";"Clostridiales";"Ruminococcaceae";"Oscillibacter"
"OTU_207";"Bacteria";"Firmicutes";"Bacilli";"Lactobacillales";"Streptococcaceae";"Streptococcus"
"OTU_208";"Bacteria";"Firmicutes";"Clostridia";"Clostridiales";"Ruminococcaceae";"?"
"OTU_209";"Bacteria";"Firmicutes";"Clostridia";"Clostridiales";"Ruminococcaceae";"?"
"OTU_210";"Bacteria";"Firmicutes";"?";"?";"?";"?"
"OTU_211";"Bacteria";"Actinobacteria";"Actinobacteria";"Coriobacteriales";"Coriobacteriaceae";"?"
"OTU_212";"Bacteria";"Proteobacteria";"Betaproteobacteria";"Burkholderiales";"Sutterellaceae";"Sutterella"
"OTU_213";"Bacteria";"Firmicutes";"Bacilli";"Lactobacillales";"Enterococcaceae";"Enterococcus"
"OTU_214";"Bacteria";"Firmicutes";"Negativicutes";"Selenomonadales";"Acidaminococcaceae";"Phascolarctobacterium"
"OTU_215";"Bacteria";"Firmicutes";"Clostridia";"Clostridiales";"Ruminococcaceae";"?"
"OTU_216";"Bacteria";"Firmicutes";"Clostridia";"Clostridiales";"Lachnospiraceae";"Clostridium XlVb"
"OTU_217";"Bacteria";"Firmicutes";"Clostridia";"Clostridiales";"Ruminococcaceae";"?"
"OTU_218";"Bacteria";"Firmicutes";"Clostridia";"Clostridiales";"Ruminococcaceae";"Acetanaerobacterium"
"OTU_219";"Bacteria";"Firmicutes";"Clostridia";"Clostridiales";"Clostridiaceae 1";"Clostridium sensu stricto"
"OTU_220";"Bacteria";"Firmicutes";"Bacilli";"Lactobacillales";"Enterococcaceae";"Enterococcus"
"OTU_221";"Bacteria";"Firmicutes";"Bacilli";"Lactobacillales";"Carnobacteriaceae";"Granulicatella"
"OTU_222";"Bacteria";"Bacteroidetes";"Bacteroidia";"Bacteroidales";"Prevotellaceae";"Prevotella"
"OTU_223";"Bacteria";"Firmicutes";"Clostridia";"Clostridiales";"Ruminococcaceae";"?"
"OTU_224";"Bacteria";"Firmicutes";"Clostridia";"Clostridiales";"?";"?"
"OTU_225";"Bacteria";"Bacteroidetes";"Bacteroidia";"Bacteroidales";"Rikenellaceae";"Alistipes"
"OTU_226";"Bacteria";"Actinobacteria";"Actinobacteria";"Coriobacteriales";"Coriobacteriaceae";"Olsenella"
"OTU_227";"Bacteria";"Actinobacteria";"Actinobacteria";"Coriobacteriales";"Coriobacteriaceae";"?"
"OTU_228";"Bacteria";"Bacteroidetes";"Bacteroidia";"Bacteroidales";"Prevotellaceae";"Prevotella"
"OTU_229";"Bacteria";"Proteobacteria";"Betaproteobacteria";"Burkholderiales";"Sutterellaceae";"Parasutterella"
"OTU_230";"Bacteria";"Firmicutes";"Clostridia";"Clostridiales";"?";"?"
"OTU_231";"Bacteria";"Firmicutes";"Bacilli";"Lactobacillales";"Lactobacillaceae";"Lactobacillus"
"OTU_232";"Bacteria";"Actinobacteria";"Actinobacteria";"Bifidobacteriales";"Bifidobacteriaceae";"Bifidobacterium"
"OTU_233";"Bacteria";"Bacteroidetes";"Bacteroidia";"Bacteroidales";"Bacteroidaceae";"Bacteroides"
"OTU_234";"Bacteria";"Firmicutes";"Clostridia";"Clostridiales";"Ruminococcaceae";"?"
"OTU_235";"Bacteria";"Firmicutes";"Clostridia";"Clostridiales";"Lachnospiraceae";"Dorea"
"OTU_236";"Bacteria";"Bacteroidetes";"Bacteroidia";"Bacteroidales";"Porphyromonadaceae";"Parabacteroides"
"OTU_237";"Bacteria";"Firmicutes";"Clostridia";"Clostridiales";"?";"?"
"OTU_238";"Bacteria";"Firmicutes";"Bacilli";"Bacillales";"Bacillales_Incertae Sedis XI";"Gemella"
"OTU_239";"Bacteria";"Firmicutes";"Clostridia";"Clostridiales";"Ruminococcaceae";"Ruminococcus"
"OTU_240";"Bacteria";"Firmicutes";"Erysipelotrichia";"Erysipelotrichales";"Erysipelotrichaceae";"Clostridium XVIII"
"OTU_241";"Bacteria";"Bacteroidetes";"Bacteroidia";"Bacteroidales";"Rikenellaceae";"Alistipes"
"OTU_242";"Bacteria";"Firmicutes";"Negativicutes";"Selenomonadales";"Veillonellaceae";"Dialister"
"OTU_243";"Bacteria";"Firmicutes";"?";"?";"?";"?"
"OTU_244";"Bacteria";"Bacteroidetes";"Bacteroidia";"Bacteroidales";"Prevotellaceae";"Paraprevotella"
"OTU_245";"Bacteria";"Actinobacteria";"Actinobacteria";"Coriobacteriales";"Coriobacteriaceae";"?"
"OTU_246";"Bacteria";"Firmicutes";"Clostridia";"Clostridiales";"Lachnospiraceae";"Coprococcus"
"OTU_247";"Bacteria";"Firmicutes";"Clostridia";"Clostridiales";"Ruminococcaceae";"Faecalibacterium"
"OTU_248";"Bacteria";"Firmicutes";"Clostridia";"Clostridiales";"Lachnospiraceae";"Roseburia"
"OTU_249";"Bacteria";"Bacteroidetes";"Bacteroidia";"Bacteroidales";"Bacteroidaceae";"Bacteroides"
"OTU_250";"Bacteria";"Firmicutes";"Clostridia";"Clostridiales";"?";"?"
"OTU_251";"Bacteria";"Firmicutes";"Clostridia";"Clostridiales";"Ruminococcaceae";"?"
"OTU_252";"Bacteria";"Bacteroidetes";"Bacteroidia";"Bacteroidales";"Bacteroidaceae";"Bacteroides"
"OTU_253";"Bacteria";"Firmicutes";"Clostridia";"Clostridiales";"Lachnospiraceae";"?"
"OTU_254";"Bacteria";"Firmicutes";"Clostridia";"Clostridiales";"Ruminococcaceae";"?"
"OTU_255";"Bacteria";"Actinobacteria";"Actinobacteria";"Bifidobacteriales";"Bifidobacteriaceae";"?"
"OTU_256";"Bacteria";"Bacteroidetes";"Bacteroidia";"Bacteroidales";"Rikenellaceae";"Alistipes"
"OTU_257";"Bacteria";"Actinobacteria";"Actinobacteria";"Actinomycetales";"Actinomycetaceae";"Actinomyces"
"OTU_258";"Bacteria";"Firmicutes";"Clostridia";"Clostridiales";"Ruminococcaceae";"?"
"OTU_259";"Bacteria";"Firmicutes";"Clostridia";"Clostridiales";"Lachnospiraceae";"Dorea"
"OTU_260";"Bacteria";"Firmicutes";"Clostridia";"Clostridiales";"Ruminococcaceae";"Oscillibacter"
"OTU_261";"Bacteria";"?";"?";"?";"?";"?"
"OTU_262";"Bacteria";"Firmicutes";"Clostridia";"Clostridiales";"?";"?"
"OTU_263";"Bacteria";"Firmicutes";"Clostridia";"Clostridiales";"Lachnospiraceae";"?"
"OTU_264";"Bacteria";"Firmicutes";"Clostridia";"Clostridiales";"Ruminococcaceae";"?"
"OTU_265";"Bacteria";"Firmicutes";"Clostridia";"Clostridiales";"Lachnospiraceae";"?"
"OTU_266";"Bacteria";"Firmicutes";"Clostridia";"Clostridiales";"Lachnospiraceae";"Dorea"
"OTU_267";"Bacteria";"Actinobacteria";"Actinobacteria";"Bifidobacteriales";"Bifidobacteriaceae";"Bifidobacterium"
"OTU_268";"Bacteria";"Firmicutes";"Clostridia";"Clostridiales";"Lachnospiraceae";"?"
"OTU_269";"Bacteria";"Firmicutes";"Clostridia";"Clostridiales";"Ruminococcaceae";"?"
"OTU_270";"Bacteria";"Bacteroidetes";"Bacteroidia";"Bacteroidales";"Prevotellaceae";"?"
"OTU_271";"Bacteria";"Firmicutes";"Clostridia";"Clostridiales";"Ruminococcaceae";"Ruminococcus"
"OTU_272";"Bacteria";"Firmicutes";"Clostridia";"Clostridiales";"Ruminococcaceae";"?"
"OTU_273";"Bacteria";"Firmicutes";"Clostridia";"Clostridiales";"?";"?"
"OTU_274";"Bacteria";"Firmicutes";"Clostridia";"Clostridiales";"?";"?"
"OTU_275";"Bacteria";"Firmicutes";"Clostridia";"Clostridiales";"Lachnospiraceae";"Blautia"
"OTU_276";"Bacteria";"Firmicutes";"Clostridia";"Clostridiales";"Ruminococcaceae";"?"
"OTU_277";"Bacteria";"Bacteroidetes";"Bacteroidia";"Bacteroidales";"Porphyromonadaceae";"Barnesiella"
"OTU_278";"Bacteria";"Firmicutes";"Clostridia";"Clostridiales";"Ruminococcaceae";"?"
"OTU_279";"Bacteria";"Firmicutes";"Clostridia";"Clostridiales";"?";"?"
"OTU_280";"Bacteria";"Actinobacteria";"Actinobacteria";"Coriobacteriales";"Coriobacteriaceae";"Eggerthella"
"OTU_281";"Bacteria";"Firmicutes";"Clostridia";"Clostridiales";"Ruminococcaceae";"Clostridium IV"
"OTU_282";"Bacteria";"Firmicutes";"?";"?";"?";"?"
"OTU_283";"Bacteria";"Firmicutes";"Clostridia";"Clostridiales";"Ruminococcaceae";"?"
"OTU_284";"Bacteria";"Firmicutes";"Clostridia";"Clostridiales";"?";"?"
"OTU_285";"Bacteria";"Firmicutes";"Clostridia";"Clostridiales";"Lachnospiraceae";"?"
"OTU_286";"Bacteria";"Firmicutes";"Clostridia";"Clostridiales";"Lachnospiraceae";"Roseburia"
"OTU_287";"Bacteria";"Firmicutes";"Clostridia";"Clostridiales";"Ruminococcaceae";"?"
"OTU_288";"Bacteria";"Bacteroidetes";"Bacteroidia";"Bacteroidales";"Prevotellaceae";"?"
"OTU_289";"Bacteria";"Firmicutes";"Clostridia";"Clostridiales";"Lachnospiraceae";"?"
"OTU_290";"Bacteria";"Firmicutes";"Clostridia";"Clostridiales";"Clostridiales_Incertae Sedis XIII";"Mogibacterium"
"OTU_291";"Bacteria";"Actinobacteria";"Actinobacteria";"Coriobacteriales";"Coriobacteriaceae";"Slackia"
"OTU_292";"Bacteria";"Firmicutes";"Clostridia";"Clostridiales";"?";"?"
"OTU_293";"Bacteria";"Bacteroidetes";"Bacteroidia";"Bacteroidales";"Porphyromonadaceae";"Parabacteroides"
"OTU_294";"Bacteria";"Actinobacteria";"Actinobacteria";"Coriobacteriales";"Coriobacteriaceae";"?"
"OTU_295";"Bacteria";"Bacteroidetes";"Bacteroidia";"Bacteroidales";"Prevotellaceae";"?"
"OTU_296";"Bacteria";"Firmicutes";"Erysipelotrichia";"Erysipelotrichales";"Erysipelotrichaceae";"Erysipelotrichaceae_incertae_sedis"
"OTU_297";"Bacteria";"Firmicutes";"Clostridia";"Clostridiales";"Ruminococcaceae";"?"
"OTU_298";"Bacteria";"Firmicutes";"Clostridia";"Clostridiales";"Lachnospiraceae";"?"
"OTU_299";"Bacteria";"Firmicutes";"Clostridia";"Clostridiales";"Eubacteriaceae";"?"
"OTU_300";"Bacteria";"Firmicutes";"Clostridia";"Clostridiales";"Ruminococcaceae";"Ruminococcus"
"OTU_301";"Bacteria";"Bacteroidetes";"Bacteroidia";"Bacteroidales";"Bacteroidaceae";"Bacteroides"
"OTU_302";"Bacteria";"Bacteroidetes";"Bacteroidia";"Bacteroidales";"Bacteroidaceae";"Bacteroides"
"OTU_303";"Bacteria";"Bacteroidetes";"Bacteroidia";"Bacteroidales";"Bacteroidaceae";"Bacteroides"
"OTU_304";"Bacteria";"Firmicutes";"Clostridia";"Clostridiales";"Peptococcaceae 1";"Peptococcus"
"OTU_305";"Bacteria";"Firmicutes";"Clostridia";"Clostridiales";"Ruminococcaceae";"?"
"OTU_306";"Bacteria";"Firmicutes";"Clostridia";"Clostridiales";"Ruminococcaceae";"Faecalibacterium"
"OTU_307";"Bacteria";"Bacteroidetes";"Bacteroidia";"Bacteroidales";"Bacteroidaceae";"Bacteroides"
"OTU_308";"Bacteria";"Firmicutes";"Clostridia";"Clostridiales";"Lachnospiraceae";"?"
"OTU_309";"Bacteria";"Firmicutes";"Clostridia";"Clostridiales";"Lachnospiraceae";"?"
"OTU_310";"Bacteria";"Firmicutes";"Clostridia";"Clostridiales";"?";"?"
"OTU_311";"Bacteria";"Bacteroidetes";"Bacteroidia";"Bacteroidales";"Bacteroidaceae";"Bacteroides"
"OTU_312";"Bacteria";"Bacteroidetes";"Bacteroidia";"Bacteroidales";"?";"?"
"OTU_313";"Bacteria";"Firmicutes";"Clostridia";"Clostridiales";"Ruminococcaceae";"?"
"OTU_314";"Bacteria";"Firmicutes";"Clostridia";"Clostridiales";"Lachnospiraceae";"Lachnospiracea_incertae_sedis"
"OTU_315";"Bacteria";"Bacteroidetes";"Bacteroidia";"Bacteroidales";"Bacteroidaceae";"Bacteroides"
"OTU_316";"Bacteria";"Firmicutes";"Bacilli";"Lactobacillales";"Lactobacillaceae";"Lactobacillus"
"OTU_317";"Bacteria";"Bacteroidetes";"Bacteroidia";"Bacteroidales";"Prevotellaceae";"Prevotella"
"OTU_318";"Bacteria";"Firmicutes";"Clostridia";"Clostridiales";"?";"?"
"OTU_319";"Bacteria";"Firmicutes";"Clostridia";"Clostridiales";"Ruminococcaceae";"Oscillibacter"
"OTU_320";"Bacteria";"Firmicutes";"Clostridia";"Clostridiales";"?";"?"
"OTU_321";"Bacteria";"Firmicutes";"Clostridia";"Clostridiales";"Ruminococcaceae";"?"
"OTU_322";"Bacteria";"Firmicutes";"Clostridia";"Clostridiales";"Ruminococcaceae";"?"
"OTU_323";"Bacteria";"Firmicutes";"Clostridia";"Clostridiales";"?";"?"
"OTU_324";"Bacteria";"Firmicutes";"Negativicutes";"Selenomonadales";"Veillonellaceae";"Mitsuokella"
"OTU_325";"Bacteria";"Firmicutes";"Clostridia";"Clostridiales";"Lachnospiraceae";"?"
"OTU_326";"Bacteria";"Firmicutes";"Clostridia";"Clostridiales";"Ruminococcaceae";"?"
"OTU_327";"Bacteria";"Firmicutes";"Clostridia";"Clostridiales";"Lachnospiraceae";"?"
"OTU_328";"Bacteria";"Firmicutes";"?";"?";"?";"?"
"OTU_329";"Bacteria";"Firmicutes";"Clostridia";"Clostridiales";"Ruminococcaceae";"?"
"OTU_330";"Bacteria";"Firmicutes";"Clostridia";"Clostridiales";"?";"?"
"OTU_331";"Bacteria";"?";"?";"?";"?";"?"
"OTU_332";"Bacteria";"Firmicutes";"Clostridia";"Clostridiales";"Ruminococcaceae";"?"
"OTU_333";"Bacteria";"Firmicutes";"Clostridia";"Clostridiales";"?";"?"
"OTU_334";"Bacteria";"Bacteroidetes";"Bacteroidia";"Bacteroidales";"Bacteroidaceae";"Bacteroides"
"OTU_335";"Bacteria";"Firmicutes";"Clostridia";"Clostridiales";"Lachnospiraceae";"Lachnospiracea_incertae_sedis"
"OTU_336";"Bacteria";"Firmicutes";"Clostridia";"Clostridiales";"?";"?"
"OTU_337";"Bacteria";"Actinobacteria";"Actinobacteria";"Coriobacteriales";"Coriobacteriaceae";"Collinsella"
"OTU_338";"Bacteria";"Firmicutes";"?";"?";"?";"?"
"OTU_339";"Bacteria";"Firmicutes";"Clostridia";"Clostridiales";"Ruminococcaceae";"?"
"OTU_340";"Bacteria";"Firmicutes";"Clostridia";"Clostridiales";"?";"?"
"OTU_341";"Bacteria";"Bacteroidetes";"Bacteroidia";"Bacteroidales";"Porphyromonadaceae";"Porphyromonas"
"OTU_342";"Bacteria";"Bacteroidetes";"Bacteroidia";"Bacteroidales";"Prevotellaceae";"Prevotella"
"OTU_343";"Bacteria";"Firmicutes";"Clostridia";"Clostridiales";"?";"?"
"OTU_344";"Bacteria";"Firmicutes";"Clostridia";"Clostridiales";"Lachnospiraceae";"?"
"OTU_345";"Bacteria";"Firmicutes";"Clostridia";"Clostridiales";"?";"?"
"OTU_346";"Bacteria";"?";"?";"?";"?";"?"
"OTU_347";"Bacteria";"Firmicutes";"Negativicutes";"Selenomonadales";"Veillonellaceae";"Mitsuokella"
"OTU_348";"Bacteria";"Proteobacteria";"Alphaproteobacteria";"Rhizobiales";"Hyphomicrobiaceae";"Gemmiger"
"OTU_349";"Bacteria";"Firmicutes";"Clostridia";"Clostridiales";"?";"?"
"OTU_350";"Bacteria";"Firmicutes";"Clostridia";"Clostridiales";"Ruminococcaceae";"?"
"OTU_351";"Bacteria";"Actinobacteria";"Actinobacteria";"Coriobacteriales";"Coriobacteriaceae";"Slackia"
"OTU_352";"Bacteria";"Firmicutes";"Clostridia";"Clostridiales";"Lachnospiraceae";"?"
"OTU_353";"Bacteria";"Actinobacteria";"Actinobacteria";"Coriobacteriales";"Coriobacteriaceae";"Enterorhabdus"
"OTU_354";"Bacteria";"Firmicutes";"Clostridia";"Clostridiales";"Ruminococcaceae";"?"
"OTU_355";"Bacteria";"Firmicutes";"Clostridia";"Clostridiales";"Ruminococcaceae";"Faecalibacterium"
"OTU_356";"Bacteria";"Firmicutes";"?";"?";"?";"?"
"OTU_357";"Bacteria";"Bacteroidetes";"Bacteroidia";"Bacteroidales";"Prevotellaceae";"?"
"OTU_358";"Bacteria";"Firmicutes";"Clostridia";"Clostridiales";"Ruminococcaceae";"?"
"OTU_359";"Bacteria";"Firmicutes";"Clostridia";"Clostridiales";"Peptococcaceae 1";"Peptococcus"
"OTU_360";"Bacteria";"Firmicutes";"?";"?";"?";"?"
"OTU_361";"Bacteria";"Firmicutes";"Bacilli";"Lactobacillales";"Lactobacillaceae";"Lactobacillus"
"OTU_362";"Bacteria";"Firmicutes";"Clostridia";"Clostridiales";"Ruminococcaceae";"?"
"OTU_363";"Bacteria";"Firmicutes";"Clostridia";"Clostridiales";"Lachnospiraceae";"?"
"OTU_364";"Bacteria";"Proteobacteria";"Betaproteobacteria";"Burkholderiales";"Sutterellaceae";"Sutterella"
"OTU_365";"Bacteria";"Firmicutes";"Clostridia";"Clostridiales";"Clostridiaceae 1";"Clostridium sensu stricto"
"OTU_366";"Bacteria";"Firmicutes";"Clostridia";"Clostridiales";"Lachnospiraceae";"Blautia"
"OTU_367";"Bacteria";"Firmicutes";"Clostridia";"Clostridiales";"Lachnospiraceae";"Dorea"
"OTU_368";"Bacteria";"Proteobacteria";"Alphaproteobacteria";"Rhizobiales";"Hyphomicrobiaceae";"Gemmiger"
"OTU_369";"Bacteria";"Firmicutes";"Clostridia";"Clostridiales";"?";"?"
"OTU_370";"Bacteria";"Actinobacteria";"Actinobacteria";"Actinomycetales";"Micrococcaceae";"Rothia"
"OTU_371";"Bacteria";"Firmicutes";"Clostridia";"Clostridiales";"Lachnospiraceae";"?"
"OTU_372";"Bacteria";"Firmicutes";"Clostridia";"Clostridiales";"?";"?"
"OTU_373";"Bacteria";"Firmicutes";"Clostridia";"Clostridiales";"Lachnospiraceae";"Roseburia"
"OTU_374";"Bacteria";"Firmicutes";"Clostridia";"Clostridiales";"?";"?"
"OTU_375";"Bacteria";"Firmicutes";"Negativicutes";"Selenomonadales";"Veillonellaceae";"Dialister"
"OTU_376";"Bacteria";"Firmicutes";"Bacilli";"Lactobacillales";"Streptococcaceae";"Streptococcus"
"OTU_377";"Bacteria";"Bacteroidetes";"Bacteroidia";"Bacteroidales";"?";"?"
"OTU_378";"Bacteria";"Firmicutes";"Clostridia";"Clostridiales";"Lachnospiraceae";"Roseburia"
"OTU_379";"Bacteria";"Firmicutes";"Clostridia";"Clostridiales";"?";"?"
"OTU_380";"Bacteria";"Firmicutes";"Clostridia";"Clostridiales";"Ruminococcaceae";"Oscillibacter"
"OTU_381";"Bacteria";"Firmicutes";"Clostridia";"Clostridiales";"Ruminococcaceae";"?"
"OTU_382";"Bacteria";"Proteobacteria";"Deltaproteobacteria";"Desulfovibrionales";"Desulfovibrionaceae";"Bilophila"
"OTU_383";"Bacteria";"Actinobacteria";"Actinobacteria";"Coriobacteriales";"Coriobacteriaceae";"Gordonibacter"
"OTU_384";"Bacteria";"Firmicutes";"Clostridia";"Clostridiales";"Ruminococcaceae";"Clostridium IV"
"OTU_385";"Bacteria";"Firmicutes";"Clostridia";"Clostridiales";"?";"?"
"OTU_386";"Bacteria";"Firmicutes";"Clostridia";"Clostridiales";"?";"?"
"OTU_387";"Bacteria";"?";"?";"?";"?";"?"
"OTU_388";"Bacteria";"Firmicutes";"Clostridia";"Clostridiales";"Ruminococcaceae";"?"
"OTU_389";"Bacteria";"Firmicutes";"?";"?";"?";"?"
"OTU_390";"Bacteria";"Firmicutes";"Negativicutes";"Selenomonadales";"Veillonellaceae";"Megamonas"
"OTU_391";"Bacteria";"Firmicutes";"Clostridia";"Clostridiales";"Peptostreptococcaceae";"Peptostreptococcus"
"OTU_392";"Bacteria";"Firmicutes";"Clostridia";"Clostridiales";"Lachnospiraceae";"Lachnospiracea_incertae_sedis"
"OTU_393";"Bacteria";"Firmicutes";"Clostridia";"Clostridiales";"Ruminococcaceae";"Sporobacter"
"OTU_394";"Bacteria";"Firmicutes";"Clostridia";"Clostridiales";"Ruminococcaceae";"?"
"OTU_395";"Bacteria";"Firmicutes";"Clostridia";"Clostridiales";"?";"?"
"OTU_396";"Bacteria";"Bacteroidetes";"Bacteroidia";"Bacteroidales";"Bacteroidaceae";"Bacteroides"
"OTU_397";"Bacteria";"Actinobacteria";"Actinobacteria";"Coriobacteriales";"Coriobacteriaceae";"?"
"OTU_398";"Bacteria";"Firmicutes";"Clostridia";"Clostridiales";"?";"?"
"OTU_399";"Bacteria";"Firmicutes";"Clostridia";"Clostridiales";"Lachnospiraceae";"Blautia"
"OTU_400";"Bacteria";"Firmicutes";"Clostridia";"Clostridiales";"Ruminococcaceae";"?"
"OTU_401";"Bacteria";"Firmicutes";"Clostridia";"Clostridiales";"Lachnospiraceae";"?"
"OTU_402";"Bacteria";"Firmicutes";"Clostridia";"Clostridiales";"Ruminococcaceae";"Ruminococcus"
"OTU_403";"Bacteria";"Firmicutes";"Clostridia";"Clostridiales";"?";"?"
"OTU_404";"Bacteria";"Firmicutes";"Clostridia";"Clostridiales";"?";"?"
"OTU_405";"Bacteria";"Firmicutes";"Clostridia";"Clostridiales";"Lachnospiraceae";"Dorea"
"OTU_406";"Bacteria";"Firmicutes";"Clostridia";"Clostridiales";"Lachnospiraceae";"Roseburia"
"OTU_407";"Bacteria";"Firmicutes";"Clostridia";"Clostridiales";"Ruminococcaceae";"?"
"OTU_408";"Bacteria";"Actinobacteria";"Actinobacteria";"Coriobacteriales";"Coriobacteriaceae";"Enterorhabdus"
"OTU_409";"Bacteria";"Firmicutes";"Clostridia";"Clostridiales";"Lachnospiraceae";"?"
"OTU_410";"Bacteria";"Bacteroidetes";"Bacteroidia";"Bacteroidales";"Bacteroidaceae";"Bacteroides"
"OTU_411";"Bacteria";"Firmicutes";"Clostridia";"Clostridiales";"Lachnospiraceae";"?"
"OTU_412";"Bacteria";"Bacteroidetes";"Bacteroidia";"Bacteroidales";"Bacteroidaceae";"Bacteroides"
"OTU_413";"Bacteria";"Firmicutes";"Clostridia";"Clostridiales";"?";"?"
"OTU_414";"Bacteria";"Firmicutes";"Clostridia";"Clostridiales";"Lachnospiraceae";"?"
"OTU_415";"Bacteria";"Bacteroidetes";"Bacteroidia";"Bacteroidales";"Bacteroidaceae";"Bacteroides"
"OTU_416";"Bacteria";"Firmicutes";"Clostridia";"Clostridiales";"Lachnospiraceae";"Lachnospiracea_incertae_sedis"
"OTU_417";"Bacteria";"Bacteroidetes";"Bacteroidia";"Bacteroidales";"Prevotellaceae";"?"
"OTU_418";"Bacteria";"Bacteroidetes";"Bacteroidia";"Bacteroidales";"?";"?"
"OTU_419";"Bacteria";"Firmicutes";"Clostridia";"Clostridiales";"Lachnospiraceae";"?"
"OTU_420";"Bacteria";"Firmicutes";"Negativicutes";"Selenomonadales";"Acidaminococcaceae";"Acidaminococcus"
"OTU_421";"Bacteria";"Firmicutes";"Clostridia";"Clostridiales";"?";"?"
"OTU_422";"Bacteria";"Firmicutes";"Clostridia";"Clostridiales";"Ruminococcaceae";"?"
"OTU_423";"Bacteria";"Actinobacteria";"Actinobacteria";"Coriobacteriales";"Coriobacteriaceae";"?"
"OTU_424";"Bacteria";"Firmicutes";"Negativicutes";"Selenomonadales";"Acidaminococcaceae";"?"
"OTU_425";"Bacteria";"Bacteroidetes";"Bacteroidia";"Bacteroidales";"Rikenellaceae";"Alistipes"
"OTU_426";"Bacteria";"?";"?";"?";"?";"?"
"OTU_427";"Bacteria";"Firmicutes";"Negativicutes";"Selenomonadales";"Acidaminococcaceae";"Succiniclasticum"
"OTU_428";"Bacteria";"Firmicutes";"Clostridia";"Clostridiales";"?";"?"
"OTU_429";"Bacteria";"Firmicutes";"Clostridia";"Clostridiales";"?";"?"
"OTU_430";"Bacteria";"Firmicutes";"Clostridia";"Clostridiales";"Lachnospiraceae";"Anaerostipes"
"OTU_431";"Bacteria";"Firmicutes";"Clostridia";"Clostridiales";"Lachnospiraceae";"Coprococcus"
"OTU_432";"Bacteria";"Actinobacteria";"Actinobacteria";"Coriobacteriales";"Coriobacteriaceae";"?"
"OTU_433";"Bacteria";"Actinobacteria";"Actinobacteria";"Bifidobacteriales";"Bifidobacteriaceae";"Bifidobacterium"
"OTU_434";"Bacteria";"Proteobacteria";"Alphaproteobacteria";"Sphingomonadales";"Sphingomonadaceae";"Sphingomonas"
"OTU_435";"Bacteria";"Firmicutes";"Clostridia";"Clostridiales";"Ruminococcaceae";"?"
"OTU_436";"Bacteria";"Proteobacteria";"Deltaproteobacteria";"Desulfovibrionales";"Desulfovibrionaceae";"?"
"OTU_437";"Bacteria";"Firmicutes";"Clostridia";"Clostridiales";"?";"?"
"OTU_438";"Bacteria";"Firmicutes";"Clostridia";"Clostridiales";"Ruminococcaceae";"Faecalibacterium"
"OTU_439";"Bacteria";"Firmicutes";"Clostridia";"Clostridiales";"Ruminococcaceae";"Clostridium IV"
"OTU_440";"Bacteria";"Firmicutes";"Clostridia";"Clostridiales";"Lachnospiraceae";"Clostridium XlVb"
"OTU_441";"Bacteria";"Firmicutes";"Clostridia";"Clostridiales";"Ruminococcaceae";"?"
"OTU_442";"Bacteria";"Firmicutes";"Clostridia";"Clostridiales";"Lachnospiraceae";"Lachnospiracea_incertae_sedis"
"OTU_443";"Bacteria";"Bacteroidetes";"Bacteroidia";"Bacteroidales";"Prevotellaceae";"Prevotella"
"OTU_444";"Bacteria";"Firmicutes";"Clostridia";"Clostridiales";"Lachnospiraceae";"Howardella"
"OTU_445";"Bacteria";"Bacteroidetes";"Bacteroidia";"Bacteroidales";"Prevotellaceae";"Prevotella"
"OTU_446";"Bacteria";"Firmicutes";"Clostridia";"Clostridiales";"Lachnospiraceae";"?"
"OTU_447";"Bacteria";"Firmicutes";"Clostridia";"Clostridiales";"Ruminococcaceae";"Clostridium IV"
"OTU_448";"Bacteria";"?";"?";"?";"?";"?"
"OTU_449";"Bacteria";"Firmicutes";"Clostridia";"Clostridiales";"Lachnospiraceae";"Lachnospiracea_incertae_sedis"
"OTU_450";"Bacteria";"Firmicutes";"Clostridia";"Clostridiales";"Lachnospiraceae";"?"
"OTU_451";"Bacteria";"Firmicutes";"Clostridia";"Clostridiales";"Lachnospiraceae";"Lachnospiracea_incertae_sedis"
"OTU_452";"Bacteria";"Firmicutes";"?";"?";"?";"?"
"OTU_453";"Bacteria";"Bacteroidetes";"Bacteroidia";"Bacteroidales";"Rikenellaceae";"Alistipes"
"OTU_454";"Bacteria";"Bacteroidetes";"Bacteroidia";"Bacteroidales";"Porphyromonadaceae";"Butyricimonas"
"OTU_455";"Bacteria";"Firmicutes";"Clostridia";"Clostridiales";"Ruminococcaceae";"?"
"OTU_456";"Bacteria";"Firmicutes";"Clostridia";"Clostridiales";"Lachnospiraceae";"?"
"OTU_457";"Bacteria";"?";"?";"?";"?";"?"
"OTU_458";"Bacteria";"Firmicutes";"Clostridia";"Clostridiales";"Lachnospiraceae";"Lachnospiracea_incertae_sedis"
"OTU_459";"Bacteria";"Firmicutes";"Clostridia";"Clostridiales";"Ruminococcaceae";"?"
"OTU_460";"Bacteria";"Firmicutes";"Clostridia";"Clostridiales";"Lachnospiraceae";"?"
"OTU_461";"Bacteria";"?";"?";"?";"?";"?"
"OTU_462";"Bacteria";"Firmicutes";"Clostridia";"Clostridiales";"?";"?"
"OTU_463";"Bacteria";"Firmicutes";"Clostridia";"Clostridiales";"?";"?"
"OTU_464";"Bacteria";"?";"?";"?";"?";"?"
"OTU_465";"Bacteria";"?";"?";"?";"?";"?"
"OTU_466";"Bacteria";"Firmicutes";"?";"?";"?";"?"
"OTU_467";"Bacteria";"Firmicutes";"Clostridia";"Clostridiales";"?";"?"
"OTU_468";"Bacteria";"Firmicutes";"Clostridia";"Clostridiales";"Ruminococcaceae";"?"
"OTU_469";"Bacteria";"Firmicutes";"Clostridia";"Clostridiales";"Ruminococcaceae";"?"
"OTU_470";"Bacteria";"?";"?";"?";"?";"?"
"OTU_471";"Bacteria";"Firmicutes";"Bacilli";"Lactobacillales";"Lactobacillaceae";"Lactobacillus"
"OTU_472";"Bacteria";"Firmicutes";"Clostridia";"Clostridiales";"Ruminococcaceae";"Ruminococcus"
"OTU_473";"Bacteria";"Firmicutes";"Clostridia";"Clostridiales";"Ruminococcaceae";"Faecalibacterium"
"OTU_474";"Bacteria";"Firmicutes";"Clostridia";"Clostridiales";"Lachnospiraceae";"Clostridium XlVb"
"OTU_475";"Bacteria";"Firmicutes";"Clostridia";"Clostridiales";"Ruminococcaceae";"?"
"OTU_476";"Bacteria";"Bacteroidetes";"Bacteroidia";"Bacteroidales";"Prevotellaceae";"Prevotella"
"OTU_477";"Bacteria";"Firmicutes";"Clostridia";"Clostridiales";"Ruminococcaceae";"?"
"OTU_478";"Bacteria";"Firmicutes";"Clostridia";"Clostridiales";"Lachnospiraceae";"Roseburia"
"OTU_479";"Bacteria";"Firmicutes";"Clostridia";"Clostridiales";"Ruminococcaceae";"Faecalibacterium"
"OTU_480";"Bacteria";"Bacteroidetes";"Bacteroidia";"Bacteroidales";"Bacteroidaceae";"Bacteroides"
"OTU_481";"Bacteria";"Firmicutes";"Clostridia";"Clostridiales";"Eubacteriaceae";"Anaerofustis"
"OTU_482";"Bacteria";"Actinobacteria";"Actinobacteria";"Coriobacteriales";"Coriobacteriaceae";"?"
"OTU_483";"Bacteria";"Firmicutes";"Clostridia";"Clostridiales";"Ruminococcaceae";"Oscillibacter"
"OTU_484";"Bacteria";"Firmicutes";"Clostridia";"Clostridiales";"Lachnospiraceae";"?"
"OTU_485";"Bacteria";"Firmicutes";"Clostridia";"Clostridiales";"Lachnospiraceae";"Blautia"
"OTU_486";"Bacteria";"Bacteroidetes";"Bacteroidia";"Bacteroidales";"Prevotellaceae";"Prevotella"
"OTU_487";"Bacteria";"?";"?";"?";"?";"?"
"OTU_488";"Bacteria";"?";"?";"?";"?";"?"
"OTU_489";"Bacteria";"Firmicutes";"Clostridia";"Clostridiales";"?";"?"
"OTU_490";"Bacteria";"Firmicutes";"Clostridia";"Clostridiales";"?";"?"
"OTU_491";"Bacteria";"Firmicutes";"Clostridia";"?";"?";"?"
"OTU_492";"Bacteria";"Firmicutes";"Clostridia";"Clostridiales";"Lachnospiraceae";"Blautia"
"OTU_493";"Bacteria";"Firmicutes";"Clostridia";"Clostridiales";"?";"?"
"OTU_494";"Bacteria";"Firmicutes";"Clostridia";"Clostridiales";"Lachnospiraceae";"Clostridium XlVb"
"OTU_495";"Bacteria";"Proteobacteria";"Alphaproteobacteria";"?";"?";"?"
"OTU_496";"Bacteria";"Bacteroidetes";"Bacteroidia";"Bacteroidales";"Bacteroidaceae";"Bacteroides"
"OTU_497";"Bacteria";"Firmicutes";"Clostridia";"Clostridiales";"Eubacteriaceae";"Eubacterium"
"OTU_498";"Bacteria";"?";"?";"?";"?";"?"
"OTU_499";"Bacteria";"Firmicutes";"Clostridia";"Clostridiales";"Ruminococcaceae";"Anaerotruncus"
"OTU_500";"Bacteria";"?";"?";"?";"?";"?"
"OTU_501";"Bacteria";"Bacteroidetes";"Bacteroidia";"Bacteroidales";"Bacteroidaceae";"Bacteroides"
"OTU_502";"Bacteria";"Firmicutes";"Clostridia";"Clostridiales";"?";"?"
"OTU_503";"Bacteria";"Firmicutes";"Clostridia";"Clostridiales";"Ruminococcaceae";"Faecalibacterium"
"OTU_504";"Bacteria";"Firmicutes";"Clostridia";"Clostridiales";"?";"?"
"OTU_505";"Bacteria";"?";"?";"?";"?";"?"
"OTU_506";"Bacteria";"Firmicutes";"Clostridia";"Clostridiales";"Lachnospiraceae";"?"
"OTU_507";"Bacteria";"Firmicutes";"Clostridia";"Clostridiales";"Ruminococcaceae";"?"
"OTU_508";"Bacteria";"Firmicutes";"Clostridia";"Clostridiales";"?";"?"
"OTU_509";"Bacteria";"Firmicutes";"Clostridia";"Clostridiales";"Ruminococcaceae";"?"
"OTU_510";"Bacteria";"Actinobacteria";"Actinobacteria";"Coriobacteriales";"Coriobacteriaceae";"?"
"OTU_511";"Bacteria";"Firmicutes";"Negativicutes";"Selenomonadales";"Acidaminococcaceae";"Succiniclasticum"
"OTU_512";"Bacteria";"Proteobacteria";"Deltaproteobacteria";"Desulfovibrionales";"Desulfovibrionaceae";"?"
"OTU_513";"Bacteria";"Firmicutes";"Clostridia";"Clostridiales";"Ruminococcaceae";"?"
"OTU_514";"Bacteria";"Firmicutes";"?";"?";"?";"?"
"OTU_515";"Bacteria";"Firmicutes";"Clostridia";"Clostridiales";"Lachnospiraceae";"?"
"OTU_516";"Bacteria";"Firmicutes";"Clostridia";"Clostridiales";"Ruminococcaceae";"Clostridium IV"
"OTU_517";"Bacteria";"Firmicutes";"Clostridia";"Clostridiales";"Ruminococcaceae";"?"
"OTU_518";"Bacteria";"Bacteroidetes";"Bacteroidia";"Bacteroidales";"Bacteroidaceae";"Bacteroides"
"OTU_519";"Bacteria";"Firmicutes";"Bacilli";"Lactobacillales";"Lactobacillaceae";"Lactobacillus"
"OTU_520";"Bacteria";"Firmicutes";"Clostridia";"Clostridiales";"Lachnospiraceae";"?"
"OTU_521";"Bacteria";"Bacteroidetes";"Flavobacteria";"Flavobacteriales";"Flavobacteriaceae";"Cloacibacterium"
"OTU_522";"Bacteria";"Actinobacteria";"Actinobacteria";"Coriobacteriales";"Coriobacteriaceae";"?"
"OTU_523";"Bacteria";"Firmicutes";"Clostridia";"Clostridiales";"Ruminococcaceae";"Faecalibacterium"
"OTU_524";"Bacteria";"Firmicutes";"Clostridia";"Clostridiales";"Ruminococcaceae";"?"
"OTU_525";"Bacteria";"Firmicutes";"Clostridia";"Clostridiales";"Ruminococcaceae";"?"
"OTU_526";"Bacteria";"Firmicutes";"Negativicutes";"Selenomonadales";"Acidaminococcaceae";"Phascolarctobacterium"
"OTU_527";"Bacteria";"Firmicutes";"Clostridia";"Clostridiales";"Lachnospiraceae";"Blautia"
"OTU_528";"Bacteria";"Bacteroidetes";"Bacteroidia";"Bacteroidales";"Porphyromonadaceae";"Butyricimonas"
"OTU_529";"Bacteria";"Firmicutes";"Clostridia";"Clostridiales";"Ruminococcaceae";"?"
"OTU_530";"Bacteria";"Firmicutes";"Clostridia";"Clostridiales";"Ruminococcaceae";"?"
"OTU_531";"Bacteria";"Firmicutes";"Clostridia";"Clostridiales";"Lachnospiraceae";"?"
"OTU_532";"Bacteria";"Firmicutes";"Clostridia";"Clostridiales";"?";"?"
"OTU_533";"Bacteria";"Firmicutes";"Clostridia";"Clostridiales";"Ruminococcaceae";"?"
"OTU_534";"Bacteria";"Firmicutes";"Clostridia";"Clostridiales";"?";"?"
"OTU_535";"Bacteria";"Firmicutes";"Clostridia";"Clostridiales";"Lachnospiraceae";"Blautia"
"OTU_536";"Bacteria";"Bacteroidetes";"Bacteroidia";"Bacteroidales";"Bacteroidaceae";"Bacteroides"
"OTU_537";"Bacteria";"?";"?";"?";"?";"?"
"OTU_538";"Bacteria";"Actinobacteria";"Actinobacteria";"Coriobacteriales";"Coriobacteriaceae";"?"
"OTU_539";"Bacteria";"Firmicutes";"Clostridia";"Clostridiales";"Lachnospiraceae";"Blautia"
"OTU_540";"Bacteria";"Actinobacteria";"Actinobacteria";"Coriobacteriales";"Coriobacteriaceae";"Collinsella"
"OTU_541";"Bacteria";"Firmicutes";"Clostridia";"Clostridiales";"?";"?"
"OTU_542";"Bacteria";"Firmicutes";"Clostridia";"Clostridiales";"Ruminococcaceae";"?"
"OTU_543";"Bacteria";"Bacteroidetes";"Bacteroidia";"Bacteroidales";"Prevotellaceae";"Paraprevotella"
"OTU_544";"Bacteria";"Firmicutes";"Clostridia";"Clostridiales";"Lachnospiraceae";"Lachnospiracea_incertae_sedis"
"OTU_545";"Bacteria";"Firmicutes";"Clostridia";"Clostridiales";"Ruminococcaceae";"?"
"OTU_546";"Bacteria";"Firmicutes";"Clostridia";"Clostridiales";"Ruminococcaceae";"Faecalibacterium"
"OTU_547";"Bacteria";"Firmicutes";"Clostridia";"Clostridiales";"?";"?"
"OTU_548";"Bacteria";"Bacteroidetes";"Bacteroidia";"Bacteroidales";"Porphyromonadaceae";"Parabacteroides"
"OTU_549";"Bacteria";"?";"?";"?";"?";"?"
"OTU_550";"Bacteria";"Firmicutes";"Clostridia";"Clostridiales";"Ruminococcaceae";"?"
"OTU_551";"Bacteria";"Firmicutes";"Clostridia";"Clostridiales";"Ruminococcaceae";"?"
"OTU_552";"Bacteria";"Firmicutes";"Clostridia";"Clostridiales";"Ruminococcaceae";"Faecalibacterium"
"OTU_553";"Bacteria";"Firmicutes";"Clostridia";"Clostridiales";"?";"?"
"OTU_554";"Bacteria";"?";"?";"?";"?";"?"
"OTU_555";"Bacteria";"?";"?";"?";"?";"?"
"OTU_556";"Bacteria";"?";"?";"?";"?";"?"
"OTU_557";"Bacteria";"Firmicutes";"Clostridia";"Clostridiales";"?";"?"
"OTU_558";"Bacteria";"Firmicutes";"Clostridia";"Clostridiales";"Ruminococcaceae";"?"
"OTU_559";"Bacteria";"Firmicutes";"Clostridia";"Clostridiales";"?";"?"
"OTU_560";"Bacteria";"Firmicutes";"Clostridia";"Clostridiales";"?";"?"
"OTU_561";"Bacteria";"Firmicutes";"Clostridia";"Clostridiales";"Ruminococcaceae";"?"
"OTU_562";"Bacteria";"Firmicutes";"Clostridia";"Clostridiales";"Lachnospiraceae";"Coprococcus"
"OTU_563";"Bacteria";"Firmicutes";"Clostridia";"Clostridiales";"Ruminococcaceae";"Clostridium IV"
"OTU_564";"Bacteria";"Firmicutes";"Clostridia";"Clostridiales";"Ruminococcaceae";"?"
"OTU_565";"Bacteria";"Bacteroidetes";"Bacteroidia";"Bacteroidales";"Rikenellaceae";"Alistipes"
"OTU_566";"Bacteria";"Firmicutes";"Clostridia";"Clostridiales";"Lachnospiraceae";"Lachnospiracea_incertae_sedis"
"OTU_567";"Bacteria";"Firmicutes";"Clostridia";"Clostridiales";"Ruminococcaceae";"?"
"OTU_568";"Bacteria";"Firmicutes";"Clostridia";"Clostridiales";"Ruminococcaceae";"?"
"OTU_569";"Bacteria";"Firmicutes";"Clostridia";"Clostridiales";"Ruminococcaceae";"Ruminococcus"
"OTU_570";"Bacteria";"Firmicutes";"Clostridia";"Clostridiales";"?";"?"
"OTU_571";"Bacteria";"Firmicutes";"Clostridia";"Clostridiales";"?";"?"
"OTU_572";"Bacteria";"Firmicutes";"Clostridia";"Clostridiales";"Ruminococcaceae";"?"
"OTU_573";"Bacteria";"?";"?";"?";"?";"?"
"OTU_574";"Bacteria";"Firmicutes";"Clostridia";"Clostridiales";"Ruminococcaceae";"?"
"OTU_575";"Bacteria";"Firmicutes";"Clostridia";"Clostridiales";"Lachnospiraceae";"?"
"OTU_576";"Bacteria";"Firmicutes";"Clostridia";"Clostridiales";"Peptococcaceae 1";"Peptococcus"
"OTU_577";"Bacteria";"Firmicutes";"Clostridia";"Clostridiales";"Lachnospiraceae";"?"
"OTU_578";"Bacteria";"Firmicutes";"Clostridia";"Clostridiales";"Lachnospiraceae";"?"
"OTU_579";"Bacteria";"Firmicutes";"Erysipelotrichia";"Erysipelotrichales";"Erysipelotrichaceae";"?"
"OTU_580";"Bacteria";"Firmicutes";"Clostridia";"Clostridiales";"?";"?"
"OTU_581";"Bacteria";"Firmicutes";"Clostridia";"Clostridiales";"Lachnospiraceae";"Dorea"
"OTU_582";"Bacteria";"Firmicutes";"Clostridia";"Clostridiales";"Ruminococcaceae";"?"
"OTU_583";"Bacteria";"Bacteroidetes";"Bacteroidia";"Bacteroidales";"Prevotellaceae";"?"
"OTU_584";"Bacteria";"Firmicutes";"Clostridia";"Clostridiales";"Ruminococcaceae";"?"
"OTU_585";"Bacteria";"Firmicutes";"Clostridia";"Clostridiales";"Ruminococcaceae";"Faecalibacterium"
"OTU_586";"Bacteria";"?";"?";"?";"?";"?"
"OTU_587";"Bacteria";"Firmicutes";"Negativicutes";"Selenomonadales";"Veillonellaceae";"Megamonas"
"OTU_588";"Bacteria";"Firmicutes";"Clostridia";"Clostridiales";"?";"?"
"OTU_589";"Bacteria";"Firmicutes";"Clostridia";"Clostridiales";"Lachnospiraceae";"?"
"OTU_590";"Bacteria";"Firmicutes";"Clostridia";"Clostridiales";"Ruminococcaceae";"?"
"OTU_591";"Bacteria";"Firmicutes";"Clostridia";"Clostridiales";"Ruminococcaceae";"Faecalibacterium"
"OTU_592";"Bacteria";"Firmicutes";"Clostridia";"Clostridiales";"?";"?"
"OTU_593";"Bacteria";"Proteobacteria";"Betaproteobacteria";"Burkholderiales";"Sutterellaceae";"Parasutterella"
"OTU_594";"Bacteria";"Firmicutes";"Clostridia";"Clostridiales";"?";"?"
"OTU_595";"Bacteria";"Firmicutes";"Clostridia";"Clostridiales";"Lachnospiraceae";"?"
"OTU_596";"Bacteria";"Firmicutes";"Clostridia";"Clostridiales";"Lachnospiraceae";"Roseburia"
"OTU_597";"Bacteria";"Bacteroidetes";"Bacteroidia";"Bacteroidales";"Porphyromonadaceae";"Barnesiella"
"OTU_598";"Bacteria";"Firmicutes";"Clostridia";"Clostridiales";"Ruminococcaceae";"Faecalibacterium"
"OTU_599";"Bacteria";"Firmicutes";"Clostridia";"Clostridiales";"Ruminococcaceae";"Faecalibacterium"
"OTU_600";"Bacteria";"Bacteroidetes";"Bacteroidia";"Bacteroidales";"Porphyromonadaceae";"?"
"OTU_601";"Bacteria";"Firmicutes";"Clostridia";"Clostridiales";"Ruminococcaceae";"Clostridium IV"
"OTU_602";"Bacteria";"Bacteroidetes";"Bacteroidia";"Bacteroidales";"Bacteroidaceae";"Bacteroides"
"OTU_603";"Bacteria";"Firmicutes";"Clostridia";"Clostridiales";"Lachnospiraceae";"Coprococcus"
"OTU_604";"Bacteria";"Firmicutes";"Clostridia";"Clostridiales";"Ruminococcaceae";"?"
"OTU_605";"Bacteria";"Firmicutes";"Clostridia";"Clostridiales";"?";"?"
"OTU_606";"Bacteria";"Firmicutes";"Clostridia";"Clostridiales";"Ruminococcaceae";"Ruminococcus"
"OTU_607";"Bacteria";"Firmicutes";"Clostridia";"Clostridiales";"Ruminococcaceae";"Anaerotruncus"
"OTU_608";"Bacteria";"Firmicutes";"Clostridia";"Clostridiales";"Lachnospiraceae";"?"
"OTU_609";"Bacteria";"Firmicutes";"Clostridia";"Clostridiales";"Ruminococcaceae";"?"
"OTU_610";"Bacteria";"Firmicutes";"Clostridia";"Clostridiales";"?";"?"
"OTU_611";"Bacteria";"Firmicutes";"Erysipelotrichia";"Erysipelotrichales";"Erysipelotrichaceae";"Clostridium XVIII"
"OTU_612";"Bacteria";"Bacteroidetes";"Bacteroidia";"Bacteroidales";"Porphyromonadaceae";"Butyricimonas"
"OTU_613";"Bacteria";"Firmicutes";"Clostridia";"Clostridiales";"Lachnospiraceae";"Clostridium XlVa"
"OTU_614";"Bacteria";"?";"?";"?";"?";"?"
"OTU_615";"Bacteria";"Firmicutes";"Clostridia";"Clostridiales";"Lachnospiraceae";"Blautia"
"OTU_616";"Bacteria";"Actinobacteria";"Actinobacteria";"Coriobacteriales";"Coriobacteriaceae";"Olsenella"
"OTU_617";"Bacteria";"Firmicutes";"Negativicutes";"Selenomonadales";"Veillonellaceae";"Megasphaera"
"OTU_618";"Bacteria";"Firmicutes";"Clostridia";"Clostridiales";"Ruminococcaceae";"?"
"OTU_619";"Bacteria";"Firmicutes";"Erysipelotrichia";"Erysipelotrichales";"Erysipelotrichaceae";"?"
"OTU_620";"Bacteria";"Firmicutes";"Clostridia";"Clostridiales";"Ruminococcaceae";"Clostridium IV"
"OTU_621";"Bacteria";"Actinobacteria";"Actinobacteria";"Coriobacteriales";"Coriobacteriaceae";"?"
"OTU_622";"Bacteria";"Firmicutes";"Clostridia";"Clostridiales";"Ruminococcaceae";"?"
"OTU_623";"Bacteria";"Firmicutes";"Clostridia";"Clostridiales";"Ruminococcaceae";"Butyricicoccus"
"OTU_624";"Bacteria";"Bacteroidetes";"Bacteroidia";"Bacteroidales";"Porphyromonadaceae";"?"
"OTU_625";"Bacteria";"Firmicutes";"Clostridia";"Clostridiales";"?";"?"
"OTU_626";"Bacteria";"Firmicutes";"Clostridia";"Clostridiales";"Lachnospiraceae";"Dorea"
"OTU_627";"Bacteria";"Firmicutes";"Clostridia";"Clostridiales";"Ruminococcaceae";"?"
"OTU_628";"Bacteria";"?";"?";"?";"?";"?"
"OTU_629";"Bacteria";"Bacteroidetes";"Bacteroidia";"Bacteroidales";"Porphyromonadaceae";"Butyricimonas"
"OTU_630";"Bacteria";"Firmicutes";"Clostridia";"Clostridiales";"Ruminococcaceae";"?"
"OTU_631";"Bacteria";"Firmicutes";"Clostridia";"Clostridiales";"Ruminococcaceae";"?"
"OTU_632";"Bacteria";"Firmicutes";"Clostridia";"Clostridiales";"Ruminococcaceae";"Faecalibacterium"
"OTU_633";"Bacteria";"Firmicutes";"Erysipelotrichia";"Erysipelotrichales";"Erysipelotrichaceae";"Holdemania"
"OTU_634";"Bacteria";"Bacteroidetes";"Bacteroidia";"Bacteroidales";"Rikenellaceae";"Alistipes"
"OTU_635";"Bacteria";"Bacteroidetes";"Bacteroidia";"Bacteroidales";"Bacteroidaceae";"Bacteroides"
"OTU_636";"Bacteria";"Firmicutes";"Clostridia";"Clostridiales";"?";"?"
"OTU_637";"Bacteria";"Firmicutes";"Clostridia";"Clostridiales";"?";"?"
"OTU_638";"Bacteria";"Firmicutes";"Clostridia";"Clostridiales";"Lachnospiraceae";"?"
"OTU_639";"Bacteria";"Firmicutes";"Clostridia";"Clostridiales";"Lachnospiraceae";"?"
"OTU_640";"Bacteria";"Firmicutes";"Clostridia";"Clostridiales";"Ruminococcaceae";"Oscillibacter"
"OTU_641";"Bacteria";"Bacteroidetes";"Bacteroidia";"Bacteroidales";"Rikenellaceae";"Alistipes"
"OTU_642";"Bacteria";"Firmicutes";"Clostridia";"Clostridiales";"Ruminococcaceae";"Flavonifractor"
"OTU_643";"Bacteria";"Firmicutes";"Clostridia";"Clostridiales";"Ruminococcaceae";"Oscillibacter"
"OTU_644";"Bacteria";"Firmicutes";"Clostridia";"Clostridiales";"?";"?"
"OTU_645";"Bacteria";"Firmicutes";"Clostridia";"Clostridiales";"Lachnospiraceae";"?"
"OTU_646";"Bacteria";"?";"?";"?";"?";"?"
"OTU_647";"Bacteria";"?";"?";"?";"?";"?"
"OTU_648";"Bacteria";"Firmicutes";"Clostridia";"Clostridiales";"Ruminococcaceae";"Clostridium IV"
"OTU_649";"Bacteria";"Bacteroidetes";"?";"?";"?";"?"
"OTU_650";"Bacteria";"Firmicutes";"Clostridia";"Clostridiales";"Lachnospiraceae";"?"
"OTU_651";"Bacteria";"Firmicutes";"Clostridia";"Clostridiales";"Ruminococcaceae";"Faecalibacterium"
"OTU_652";"Bacteria";"Firmicutes";"Clostridia";"Clostridiales";"Ruminococcaceae";"?"
"OTU_653";"Bacteria";"Firmicutes";"Clostridia";"Clostridiales";"Lachnospiraceae";"?"
"OTU_654";"Bacteria";"Firmicutes";"Clostridia";"Clostridiales";"Ruminococcaceae";"Faecalibacterium"
"OTU_655";"Bacteria";"Firmicutes";"Clostridia";"Clostridiales";"Ruminococcaceae";"Faecalibacterium"
"OTU_656";"Bacteria";"Firmicutes";"Clostridia";"Clostridiales";"Ruminococcaceae";"?"
"OTU_657";"Bacteria";"Actinobacteria";"Actinobacteria";"Coriobacteriales";"Coriobacteriaceae";"Collinsella"
"OTU_658";"Bacteria";"Firmicutes";"Clostridia";"Clostridiales";"Lachnospiraceae";"?"
"OTU_659";"Bacteria";"Firmicutes";"Clostridia";"Clostridiales";"Lachnospiraceae";"?"
"OTU_660";"Bacteria";"Firmicutes";"Clostridia";"Clostridiales";"Lachnospiraceae";"Dorea"
"OTU_661";"Bacteria";"Firmicutes";"Clostridia";"Clostridiales";"?";"?"
"OTU_662";"Bacteria";"Firmicutes";"Bacilli";"Lactobacillales";"Streptococcaceae";"Lactococcus"
"OTU_663";"Bacteria";"Firmicutes";"Clostridia";"Clostridiales";"Lachnospiraceae";"?"
"OTU_664";"Bacteria";"Proteobacteria";"Alphaproteobacteria";"?";"?";"?"
"OTU_665";"Bacteria";"Firmicutes";"Clostridia";"Clostridiales";"Lachnospiraceae";"?"
"OTU_666";"Bacteria";"Firmicutes";"Clostridia";"Clostridiales";"Ruminococcaceae";"?"
"OTU_667";"Bacteria";"Firmicutes";"Erysipelotrichia";"Erysipelotrichales";"Erysipelotrichaceae";"Turicibacter"
"OTU_668";"Bacteria";"Bacteroidetes";"Bacteroidia";"Bacteroidales";"Bacteroidaceae";"Bacteroides"
"OTU_669";"Bacteria";"Bacteroidetes";"Bacteroidia";"Bacteroidales";"Porphyromonadaceae";"Parabacteroides"
"OTU_670";"Bacteria";"Firmicutes";"Clostridia";"Clostridiales";"Ruminococcaceae";"Faecalibacterium"
"OTU_671";"Bacteria";"Firmicutes";"Clostridia";"Clostridiales";"Ruminococcaceae";"Faecalibacterium"
"OTU_672";"Bacteria";"Firmicutes";"Clostridia";"Clostridiales";"Ruminococcaceae";"?"
"OTU_673";"Bacteria";"Firmicutes";"Clostridia";"Clostridiales";"Lachnospiraceae";"Blautia"
"OTU_674";"Bacteria";"Firmicutes";"Clostridia";"Clostridiales";"Ruminococcaceae";"?"
"OTU_675";"Bacteria";"Firmicutes";"Clostridia";"Clostridiales";"?";"?"
"OTU_676";"Bacteria";"Firmicutes";"Clostridia";"Clostridiales";"?";"?"
"OTU_677";"Bacteria";"Firmicutes";"Clostridia";"Clostridiales";"?";"?"
"OTU_678";"Bacteria";"Firmicutes";"Clostridia";"Clostridiales";"Ruminococcaceae";"?"
"OTU_679";"Bacteria";"Firmicutes";"Clostridia";"Clostridiales";"Ruminococcaceae";"Oscillibacter"
"OTU_680";"Bacteria";"Bacteroidetes";"Bacteroidia";"Bacteroidales";"Rikenellaceae";"Alistipes"
"OTU_681";"Bacteria";"Firmicutes";"Clostridia";"Clostridiales";"Ruminococcaceae";"Faecalibacterium"
"OTU_682";"Bacteria";"Firmicutes";"Clostridia";"Clostridiales";"?";"?"
"OTU_683";"Bacteria";"Firmicutes";"Clostridia";"Clostridiales";"Lachnospiraceae";"?"
"OTU_684";"Bacteria";"Firmicutes";"Clostridia";"Clostridiales";"?";"?"
"OTU_685";"Bacteria";"Bacteroidetes";"Bacteroidia";"Bacteroidales";"Rikenellaceae";"Alistipes"
"OTU_686";"Bacteria";"?";"?";"?";"?";"?"
"OTU_687";"Bacteria";"Firmicutes";"Clostridia";"Clostridiales";"?";"?"
"OTU_688";"Bacteria";"?";"?";"?";"?";"?"
"OTU_689";"Bacteria";"Firmicutes";"Clostridia";"Clostridiales";"Lachnospiraceae";"?"
"OTU_690";"Bacteria";"Bacteroidetes";"Bacteroidia";"Bacteroidales";"Porphyromonadaceae";"Butyricimonas"
"OTU_691";"Bacteria";"Firmicutes";"Clostridia";"Clostridiales";"Ruminococcaceae";"?"
"OTU_692";"Bacteria";"Firmicutes";"Clostridia";"Clostridiales";"Lachnospiraceae";"?"
"OTU_693";"Bacteria";"Firmicutes";"Clostridia";"Clostridiales";"Ruminococcaceae";"?"
"OTU_694";"Bacteria";"Firmicutes";"Clostridia";"Clostridiales";"Ruminococcaceae";"?"
"OTU_695";"Bacteria";"Firmicutes";"Clostridia";"Clostridiales";"Lachnospiraceae";"Dorea"
"OTU_696";"Bacteria";"Firmicutes";"Clostridia";"Clostridiales";"?";"?"
"OTU_697";"Bacteria";"Firmicutes";"Clostridia";"Clostridiales";"Lachnospiraceae";"?"
"OTU_698";"Bacteria";"Bacteroidetes";"Bacteroidia";"Bacteroidales";"Porphyromonadaceae";"Porphyromonas"
"OTU_699";"Bacteria";"Firmicutes";"Clostridia";"Clostridiales";"Ruminococcaceae";"?"
"OTU_700";"Bacteria";"Firmicutes";"Clostridia";"Clostridiales";"Lachnospiraceae";"?"
"OTU_701";"Bacteria";"Firmicutes";"Clostridia";"Clostridiales";"?";"?"
"OTU_702";"Bacteria";"Firmicutes";"Clostridia";"Clostridiales";"Ruminococcaceae";"?"
"OTU_703";"Bacteria";"Firmicutes";"Clostridia";"Clostridiales";"?";"?"
"OTU_704";"Bacteria";"Firmicutes";"Clostridia";"Clostridiales";"?";"?"
"OTU_705";"Bacteria";"Firmicutes";"Clostridia";"Clostridiales";"Lachnospiraceae";"?"
"OTU_706";"Bacteria";"Firmicutes";"Clostridia";"Clostridiales";"Ruminococcaceae";"?"
"OTU_707";"Bacteria";"Firmicutes";"Clostridia";"Clostridiales";"Lachnospiraceae";"Lachnospiracea_incertae_sedis"
"OTU_708";"Bacteria";"Bacteroidetes";"Bacteroidia";"Bacteroidales";"Bacteroidaceae";"Bacteroides"
"OTU_709";"Bacteria";"Firmicutes";"Clostridia";"Clostridiales";"Ruminococcaceae";"?"
"OTU_710";"Bacteria";"Firmicutes";"Clostridia";"Clostridiales";"Ruminococcaceae";"?"
"OTU_711";"Bacteria";"Proteobacteria";"Gammaproteobacteria";"Enterobacteriales";"Enterobacteriaceae";"?"
"OTU_712";"Bacteria";"Actinobacteria";"Actinobacteria";"Coriobacteriales";"Coriobacteriaceae";"?"
"OTU_713";"Bacteria";"Firmicutes";"Clostridia";"Clostridiales";"Ruminococcaceae";"?"
"OTU_714";"Bacteria";"Bacteroidetes";"Bacteroidia";"Bacteroidales";"Porphyromonadaceae";"?"
"OTU_715";"Bacteria";"?";"?";"?";"?";"?"
"OTU_716";"Bacteria";"Firmicutes";"Clostridia";"Clostridiales";"Ruminococcaceae";"?"
"OTU_717";"Bacteria";"Firmicutes";"?";"?";"?";"?"
"OTU_718";"Bacteria";"Firmicutes";"Clostridia";"Clostridiales";"Ruminococcaceae";"?"
"OTU_719";"Bacteria";"Firmicutes";"Clostridia";"Clostridiales";"Ruminococcaceae";"Anaerotruncus"
"OTU_720";"Bacteria";"Firmicutes";"Clostridia";"Clostridiales";"Lachnospiraceae";"?"
"OTU_721";"Bacteria";"Firmicutes";"Clostridia";"Clostridiales";"Lachnospiraceae";"Clostridium XlVb"
"OTU_722";"Bacteria";"?";"?";"?";"?";"?"
"OTU_723";"Bacteria";"Bacteroidetes";"Bacteroidia";"Bacteroidales";"Porphyromonadaceae";"Barnesiella"
"OTU_724";"Bacteria";"Firmicutes";"Clostridia";"Clostridiales";"?";"?"
"OTU_725";"Bacteria";"Firmicutes";"Clostridia";"Clostridiales";"Ruminococcaceae";"?"
"OTU_726";"Bacteria";"Firmicutes";"Clostridia";"Clostridiales";"Lachnospiraceae";"?"
"OTU_727";"Bacteria";"Firmicutes";"Clostridia";"Clostridiales";"Ruminococcaceae";"?"
"OTU_728";"Bacteria";"Firmicutes";"Clostridia";"Clostridiales";"?";"?"
"OTU_729";"Bacteria";"Firmicutes";"Clostridia";"Clostridiales";"Ruminococcaceae";"?"
"OTU_730";"Bacteria";"Firmicutes";"?";"?";"?";"?"
"OTU_731";"Bacteria";"Firmicutes";"Clostridia";"Clostridiales";"?";"?"
"OTU_732";"Bacteria";"Firmicutes";"Clostridia";"Clostridiales";"?";"?"
"OTU_733";"Bacteria";"?";"?";"?";"?";"?"
"OTU_734";"Bacteria";"Firmicutes";"Clostridia";"Clostridiales";"Ruminococcaceae";"?"
"OTU_735";"Bacteria";"Firmicutes";"Clostridia";"Clostridiales";"Lachnospiraceae";"?"
"OTU_736";"Bacteria";"Firmicutes";"Clostridia";"Clostridiales";"Lachnospiraceae";"?"
"OTU_737";"Bacteria";"Firmicutes";"Clostridia";"Clostridiales";"?";"?"
"OTU_738";"Bacteria";"Firmicutes";"Clostridia";"Clostridiales";"Ruminococcaceae";"?"
"OTU_739";"Bacteria";"Firmicutes";"Clostridia";"Clostridiales";"Ruminococcaceae";"Ruminococcus"
"OTU_740";"Bacteria";"Firmicutes";"Clostridia";"Clostridiales";"?";"?"
"OTU_741";"Bacteria";"Firmicutes";"Clostridia";"Clostridiales";"?";"?"
"OTU_742";"Bacteria";"Proteobacteria";"Betaproteobacteria";"Burkholderiales";"Oxalobacteraceae";"Undibacterium"
"OTU_743";"Bacteria";"Firmicutes";"Clostridia";"Clostridiales";"Lachnospiraceae";"?"
"OTU_744";"Bacteria";"Bacteroidetes";"Bacteroidia";"Bacteroidales";"Bacteroidaceae";"Bacteroides"
"OTU_745";"Bacteria";"Bacteroidetes";"Bacteroidia";"Bacteroidales";"Bacteroidaceae";"Bacteroides"
"OTU_746";"Bacteria";"Firmicutes";"Clostridia";"Clostridiales";"Ruminococcaceae";"?"
"OTU_747";"Bacteria";"Bacteroidetes";"Bacteroidia";"Bacteroidales";"Bacteroidaceae";"Bacteroides"
"OTU_748";"Bacteria";"Bacteroidetes";"Sphingobacteria";"Sphingobacteriales";"Sphingobacteriaceae";"Pedobacter"
"OTU_749";"Bacteria";"Bacteroidetes";"Bacteroidia";"Bacteroidales";"Bacteroidaceae";"Bacteroides"
"OTU_750";"Bacteria";"Proteobacteria";"Gammaproteobacteria";"Enterobacteriales";"Enterobacteriaceae";"Klebsiella"
"OTU_751";"Bacteria";"Firmicutes";"Clostridia";"Clostridiales";"Lachnospiraceae";"?"
"OTU_752";"Bacteria";"Proteobacteria";"Betaproteobacteria";"Burkholderiales";"Oxalobacteraceae";"?"
"OTU_753";"Bacteria";"Firmicutes";"Clostridia";"Clostridiales";"Ruminococcaceae";"?"
"OTU_754";"Bacteria";"Firmicutes";"Clostridia";"Clostridiales";"Lachnospiraceae";"Anaerostipes"
"OTU_755";"Bacteria";"Firmicutes";"Clostridia";"Clostridiales";"Eubacteriaceae";"Eubacterium"
"OTU_756";"Bacteria";"Proteobacteria";"Deltaproteobacteria";"Desulfovibrionales";"?";"?"
"OTU_757";"Bacteria";"Proteobacteria";"Betaproteobacteria";"Burkholderiales";"?";"?"
"OTU_758";"Bacteria";"Firmicutes";"Clostridia";"Clostridiales";"Lachnospiraceae";"Roseburia"
"OTU_759";"Bacteria";"Bacteroidetes";"Bacteroidia";"Bacteroidales";"Prevotellaceae";"?"
"OTU_760";"Bacteria";"Firmicutes";"Clostridia";"Clostridiales";"Lachnospiraceae";"?"
"OTU_761";"Bacteria";"Proteobacteria";"Epsilonproteobacteria";"Campylobacterales";"Helicobacteraceae";"Helicobacter"
"OTU_762";"Bacteria";"Bacteroidetes";"Bacteroidia";"Bacteroidales";"Rikenellaceae";"Alistipes"
"OTU_763";"Bacteria";"Firmicutes";"Clostridia";"Clostridiales";"Ruminococcaceae";"?"
"OTU_764";"Bacteria";"Bacteroidetes";"Bacteroidia";"Bacteroidales";"Porphyromonadaceae";"Barnesiella"
"OTU_765";"Bacteria";"Proteobacteria";"Gammaproteobacteria";"Enterobacteriales";"Enterobacteriaceae";"?"
"OTU_766";"Bacteria";"Firmicutes";"Clostridia";"Clostridiales";"Ruminococcaceae";"Flavonifractor"
"OTU_767";"Bacteria";"Firmicutes";"Clostridia";"Clostridiales";"Ruminococcaceae";"Flavonifractor"
"OTU_768";"Bacteria";"Firmicutes";"Clostridia";"Clostridiales";"Ruminococcaceae";"Clostridium IV"
"OTU_769";"Bacteria";"Firmicutes";"Clostridia";"Clostridiales";"?";"?"
"OTU_770";"Bacteria";"Firmicutes";"Clostridia";"Clostridiales";"?";"?"
"OTU_771";"Bacteria";"Firmicutes";"Clostridia";"Clostridiales";"Ruminococcaceae";"?"
"OTU_772";"Bacteria";"Firmicutes";"?";"?";"?";"?"
"OTU_773";"Bacteria";"Bacteroidetes";"Bacteroidia";"Bacteroidales";"Bacteroidaceae";"Bacteroides"
"OTU_774";"Bacteria";"Firmicutes";"Clostridia";"Clostridiales";"Ruminococcaceae";"Ruminococcus"
"OTU_775";"Bacteria";"Firmicutes";"Clostridia";"Clostridiales";"Lachnospiraceae";"Lachnospiracea_incertae_sedis"
"OTU_776";"Bacteria";"?";"?";"?";"?";"?"
"OTU_777";"Bacteria";"Firmicutes";"Bacilli";"Lactobacillales";"?";"?"
"OTU_778";"Bacteria";"Bacteroidetes";"Bacteroidia";"Bacteroidales";"Rikenellaceae";"Alistipes"
"OTU_779";"Bacteria";"Firmicutes";"?";"?";"?";"?"
"OTU_780";"Bacteria";"Firmicutes";"Clostridia";"Clostridiales";"Clostridiaceae 1";"Clostridium sensu stricto"
"OTU_781";"Bacteria";"Firmicutes";"Clostridia";"Clostridiales";"?";"?"
"OTU_782";"Bacteria";"?";"?";"?";"?";"?"
"OTU_783";"Bacteria";"Bacteroidetes";"Bacteroidia";"Bacteroidales";"Prevotellaceae";"?"
"OTU_784";"Bacteria";"Firmicutes";"Clostridia";"Clostridiales";"?";"?"
"OTU_785";"Bacteria";"Firmicutes";"Clostridia";"Clostridiales";"?";"?"
"OTU_786";"Bacteria";"Firmicutes";"Clostridia";"Clostridiales";"?";"?"
"OTU_787";"Bacteria";"Proteobacteria";"Betaproteobacteria";"Burkholderiales";"Sutterellaceae";"Parasutterella"
"OTU_788";"Bacteria";"Bacteroidetes";"Bacteroidia";"Bacteroidales";"Bacteroidaceae";"Bacteroides"
"OTU_789";"Bacteria";"Bacteroidetes";"Bacteroidia";"Bacteroidales";"Prevotellaceae";"Prevotella"
"OTU_790";"Bacteria";"Firmicutes";"Clostridia";"Clostridiales";"?";"?"
"OTU_791";"Bacteria";"Firmicutes";"Clostridia";"Clostridiales";"Ruminococcaceae";"?"
"OTU_792";"Bacteria";"Firmicutes";"Clostridia";"Clostridiales";"Lachnospiraceae";"Blautia"
"OTU_793";"Bacteria";"Firmicutes";"?";"?";"?";"?"
"OTU_794";"Bacteria";"?";"?";"?";"?";"?"
"OTU_795";"Bacteria";"Firmicutes";"Clostridia";"Clostridiales";"Ruminococcaceae";"?"
"OTU_796";"Bacteria";"Firmicutes";"Clostridia";"Clostridiales";"Peptococcaceae 1";"Peptococcus"
"OTU_797";"Bacteria";"Firmicutes";"Clostridia";"Clostridiales";"Ruminococcaceae";"?"
"OTU_798";"Bacteria";"Firmicutes";"Clostridia";"Clostridiales";"Lachnospiraceae";"Lachnospiracea_incertae_sedis"
"OTU_799";"Bacteria";"Firmicutes";"Clostridia";"Clostridiales";"?";"?"
"OTU_800";"Bacteria";"Firmicutes";"Clostridia";"Clostridiales";"Lachnospiraceae";"Dorea"
"OTU_801";"Bacteria";"Proteobacteria";"Epsilonproteobacteria";"Campylobacterales";"Helicobacteraceae";"Helicobacter"
"OTU_802";"Bacteria";"Firmicutes";"Clostridia";"Clostridiales";"Lachnospiraceae";"Lachnospiracea_incertae_sedis"
"OTU_803";"Bacteria";"Firmicutes";"Clostridia";"Clostridiales";"Lachnospiraceae";"Lachnospiracea_incertae_sedis"
"OTU_804";"Bacteria";"Firmicutes";"Clostridia";"Clostridiales";"Ruminococcaceae";"?"
"OTU_805";"Bacteria";"Firmicutes";"Clostridia";"Clostridiales";"?";"?"
"OTU_806";"Bacteria";"Firmicutes";"Clostridia";"Clostridiales";"Lachnospiraceae";"?"
"OTU_807";"Bacteria";"Firmicutes";"Clostridia";"Clostridiales";"Lachnospiraceae";"?"
"OTU_808";"Bacteria";"Firmicutes";"Clostridia";"Clostridiales";"Lachnospiraceae";"?"
"OTU_809";"Bacteria";"Firmicutes";"Clostridia";"Clostridiales";"Lachnospiraceae";"?"
"OTU_810";"Bacteria";"Firmicutes";"Clostridia";"Clostridiales";"?";"?"
"OTU_811";"Bacteria";"Firmicutes";"Clostridia";"Clostridiales";"Ruminococcaceae";"Clostridium IV"
"OTU_812";"Bacteria";"Firmicutes";"Clostridia";"Clostridiales";"Lachnospiraceae";"?"
"OTU_813";"Bacteria";"Bacteroidetes";"Bacteroidia";"Bacteroidales";"Rikenellaceae";"Alistipes"
"OTU_814";"Bacteria";"Firmicutes";"Clostridia";"Clostridiales";"Lachnospiraceae";"Lachnospiracea_incertae_sedis"
"OTU_815";"Bacteria";"Bacteroidetes";"Bacteroidia";"Bacteroidales";"Bacteroidaceae";"Bacteroides"
"OTU_816";"Bacteria";"Firmicutes";"Clostridia";"Clostridiales";"Ruminococcaceae";"?"
"OTU_817";"Bacteria";"Firmicutes";"Clostridia";"Clostridiales";"Ruminococcaceae";"?"
"OTU_818";"Bacteria";"Firmicutes";"Clostridia";"Clostridiales";"Ruminococcaceae";"Ruminococcus"
"OTU_819";"Bacteria";"Firmicutes";"Clostridia";"Clostridiales";"Ruminococcaceae";"?"
"OTU_820";"Bacteria";"Bacteroidetes";"Bacteroidia";"Bacteroidales";"Bacteroidaceae";"Bacteroides"
"OTU_821";"Bacteria";"Firmicutes";"Clostridia";"Clostridiales";"Lachnospiraceae";"Lachnospiracea_incertae_sedis"
"OTU_822";"Bacteria";"Firmicutes";"Clostridia";"Clostridiales";"?";"?"
"OTU_823";"Bacteria";"Bacteroidetes";"Bacteroidia";"Bacteroidales";"Porphyromonadaceae";"Butyricimonas"
"OTU_824";"Bacteria";"Firmicutes";"Clostridia";"Clostridiales";"Ruminococcaceae";"?"
"OTU_825";"Bacteria";"Firmicutes";"Clostridia";"Clostridiales";"Ruminococcaceae";"?"
"OTU_826";"Bacteria";"Bacteroidetes";"Bacteroidia";"Bacteroidales";"Prevotellaceae";"Prevotella"
"OTU_827";"Bacteria";"Firmicutes";"Clostridia";"Clostridiales";"Lachnospiraceae";"?"
"OTU_828";"Bacteria";"Firmicutes";"Clostridia";"Clostridiales";"Lachnospiraceae";"Roseburia"
"OTU_829";"Bacteria";"Firmicutes";"Bacilli";"Lactobacillales";"Lactobacillaceae";"Lactobacillus"
"OTU_830";"Bacteria";"Firmicutes";"Clostridia";"Clostridiales";"Lachnospiraceae";"?"
"OTU_831";"Bacteria";"Firmicutes";"Clostridia";"Clostridiales";"Ruminococcaceae";"Ruminococcus"
"OTU_832";"Bacteria";"Firmicutes";"Clostridia";"Clostridiales";"Lachnospiraceae";"Lachnospiracea_incertae_sedis"
"OTU_833";"Bacteria";"Firmicutes";"Clostridia";"Clostridiales";"Lachnospiraceae";"Blautia"
"OTU_834";"Bacteria";"Proteobacteria";"Alphaproteobacteria";"Rhizobiales";"Hyphomicrobiaceae";"Gemmiger"
"OTU_835";"Bacteria";"Firmicutes";"Clostridia";"Clostridiales";"?";"?"
"OTU_836";"Bacteria";"Firmicutes";"Clostridia";"Clostridiales";"Ruminococcaceae";"?"
"OTU_837";"Bacteria";"Firmicutes";"Clostridia";"Clostridiales";"?";"?"
"OTU_838";"Bacteria";"Firmicutes";"Clostridia";"Clostridiales";"Ruminococcaceae";"?"
"OTU_839";"Bacteria";"Bacteroidetes";"Bacteroidia";"Bacteroidales";"Porphyromonadaceae";"Barnesiella"
"OTU_840";"Bacteria";"Proteobacteria";"Deltaproteobacteria";"Desulfovibrionales";"Desulfovibrionaceae";"Desulfovibrio"
"OTU_841";"Bacteria";"Firmicutes";"Clostridia";"Clostridiales";"Lachnospiraceae";"Lachnospiracea_incertae_sedis"
"OTU_842";"Bacteria";"Firmicutes";"Clostridia";"Clostridiales";"Lachnospiraceae";"Clostridium XlVb"
"OTU_843";"Bacteria";"Firmicutes";"Clostridia";"Clostridiales";"Lachnospiraceae";"?"
"OTU_844";"Bacteria";"?";"?";"?";"?";"?"
"OTU_845";"Bacteria";"Firmicutes";"Erysipelotrichia";"Erysipelotrichales";"Erysipelotrichaceae";"Erysipelotrichaceae_incertae_sedis"
"OTU_846";"Bacteria";"Firmicutes";"Clostridia";"Clostridiales";"Lachnospiraceae";"Blautia"
"OTU_847";"Bacteria";"Firmicutes";"?";"?";"?";"?"
"OTU_848";"Bacteria";"Bacteroidetes";"Bacteroidia";"Bacteroidales";"Prevotellaceae";"Prevotella"
"OTU_849";"Bacteria";"Firmicutes";"Clostridia";"Clostridiales";"Lachnospiraceae";"?"
"OTU_850";"Bacteria";"Fusobacteria";"Fusobacteria";"Fusobacteriales";"Fusobacteriaceae";"Fusobacterium"
